method,metric,n_trajectories,resamples,seed,confidence_level,mean,mean_ci_low,mean_ci_high,median,median_ci_low,median_ci_high,q25,q75,iqr
deployed_p_only,position_rmse,120,10000,20270721,0.95,0.17750530159411693,0.13329194866039729,0.23126098594841213,0.08001417243847474,0.055282971696206135,0.13980881689760163,0.02591109045417162,0.23269721587440262,0.206786125420231
estimator_rank_2::local_poly_w7_d3_lag1::deployed_p_only,position_rmse,120,10000,20270722,0.95,0.17750530159411693,0.13328536299965696,0.22790206576915933,0.08001417243847474,0.055282971696206135,0.13980881689760163,0.02591109045417162,0.23269721587440262,0.206786125420231
estimator_rank_2::local_poly_w7_d3_lag1::jerk_qp_pva_direct,position_rmse,120,10000,20270723,0.95,0.0331863062142148,0.021847695751402257,0.04667174860544709,0.012614785717720046,0.010089001066040798,0.014573904109228583,0.0053804199476012535,0.022490907124997433,0.01711048717739618
estimator_rank_2::local_poly_w7_d3_lag1::jerk_qp_pva_ruckig,position_rmse,120,10000,20270724,0.95,0.03318630635277639,0.021663492935408694,0.047390728051133355,0.012614785731999825,0.010218695591764249,0.014678957033312165,0.005380419947649795,0.022490907117016484,0.017110487169366688
estimator_rank_2::local_poly_w7_d3_lag1::one_step_governed_pva_direct,position_rmse,120,10000,20270725,0.95,0.04038917718153792,0.023270216696614384,0.06323776251901403,0.012681570415832035,0.011153558279273352,0.01499729629426834,0.005480205020083923,0.02138937964703742,0.015909174626953498
estimator_rank_2::local_poly_w7_d3_lag1::one_step_governed_pva_ruckig,position_rmse,120,10000,20270726,0.95,0.040389177122421155,0.023357933336133306,0.06343929233013101,0.012681570318887224,0.011116886416527319,0.015295365123403024,0.005480205020252389,0.021389379655982498,0.01590917463573011
estimator_rank_2::local_poly_w7_d3_lag1::predicted_p,position_rmse,120,10000,20270727,0.95,0.17765856979356293,0.13383448820613872,0.22937571245836103,0.08001418279881539,0.055282959967243764,0.13980884247366385,0.025911117930338297,0.23269493330634386,0.20678381537600557
estimator_rank_2::local_poly_w7_d3_lag1::raw_predicted_pv,position_rmse,120,10000,20270728,0.95,0.1759132706662017,0.13101920927174857,0.22814333150801797,0.07765818188190574,0.054497436503387536,0.1382669462997586,0.025322986130014213,0.23094290739826415,0.20561992126824993
estimator_rank_2::local_poly_w7_d3_lag1::scalar_projected_pva,position_rmse,120,10000,20270729,0.95,0.04056083916628735,0.02329093756640494,0.06410982711429479,0.012681570415832035,0.011153558279273352,0.015237094793832815,0.005480205020083923,0.02138937964703742,0.015909174626953498
estimator_rank_3::ca_kf_s1e-06_q100::deployed_p_only,position_rmse,120,10000,20270730,0.95,0.17750530159411693,0.13317678394510296,0.22819884896561382,0.08001417243847474,0.05516999993485328,0.13980881689760163,0.02591109045417162,0.23269721587440262,0.206786125420231
estimator_rank_3::ca_kf_s1e-06_q100::jerk_qp_pva_direct,position_rmse,120,10000,20270731,0.95,0.03276372846002264,0.02111195868920759,0.04671198499610592,0.012339802015415038,0.00938018224326019,0.014251764756500005,0.005269442776775733,0.02204139565842412,0.016771952881648386
estimator_rank_3::ca_kf_s1e-06_q100::jerk_qp_pva_ruckig,position_rmse,120,10000,20270732,0.95,0.032763728458193336,0.021266311959377764,0.0463438294280867,0.01233980260410572,0.009306975243999992,0.013585064544851443,0.00526944277736692,0.022041395750632093,0.016771952973265173
estimator_rank_3::ca_kf_s1e-06_q100::one_step_governed_pva_direct,position_rmse,120,10000,20270733,0.95,0.039521449321570284,0.022656400189427165,0.06225801757700217,0.012162198490735717,0.01101971903508488,0.014659587668993751,0.0052321659579455315,0.02142023760305729,0.016188071645111757
estimator_rank_3::ca_kf_s1e-06_q100::one_step_governed_pva_ruckig,position_rmse,120,10000,20270734,0.95,0.039521446068352575,0.022554325417567987,0.061257104781732616,0.012162198503159347,0.01101971903517214,0.014659587669164264,0.005232165957954379,0.021420237388717952,0.016188071430763572
estimator_rank_3::ca_kf_s1e-06_q100::predicted_p,position_rmse,120,10000,20270735,0.95,0.17754768192729783,0.13304550709808838,0.23005597283039608,0.08001417242411274,0.05503740835916073,0.13980881690914473,0.025911090514355126,0.23269721392330972,0.20678612340895458
estimator_rank_3::ca_kf_s1e-06_q100::raw_predicted_pv,position_rmse,120,10000,20270736,0.95,0.17587634189016227,0.13196487927978315,0.22811321929650452,0.07765821888707404,0.05449744587734912,0.1382669254781972,0.025322874862842626,0.23093051557557528,0.20560764071273266
estimator_rank_3::ca_kf_s1e-06_q100::scalar_projected_pva,position_rmse,120,10000,20270737,0.95,0.045222871478226775,0.026817183249777415,0.06911760048314844,0.012162198490735717,0.01101971903508488,0.014659587668993751,0.0052321659579455315,0.02142023760305729,0.016188071645111757
jerk_qp_pva_direct,position_rmse,120,10000,20270738,0.95,0.03321963831452265,0.021884557673943403,0.047223739483694786,0.012632955374887959,0.01013536938795473,0.014690043433509683,0.005399215005101245,0.022393153328028798,0.016993938322927553
jerk_qp_pva_ruckig,position_rmse,120,10000,20270739,0.95,0.03321963817554882,0.02194814529798011,0.04662897507578615,0.012632955391519388,0.010135369398763482,0.014083611793395456,0.0053992150050266065,0.02239315332648525,0.016993938321458645
one_step_governed_pva_direct,position_rmse,120,10000,20270740,0.95,0.04019145979209921,0.02282573105733751,0.0631184188190039,0.012630265385407118,0.01112349517257676,0.015584951439640341,0.005454743322113741,0.021517370168224925,0.016062626846111185
one_step_governed_pva_ruckig,position_rmse,120,10000,20270741,0.95,0.04019145978821281,0.023104968234643645,0.06274127357096003,0.01263026513472474,0.011151918366256,0.015584951428917158,0.005454743457006182,0.021517366986173223,0.01606262352916704
predicted_p,position_rmse,120,10000,20270742,0.95,0.17766167971631203,0.1323612234537102,0.2289961164070104,0.08001418852161732,0.055037404232042474,0.13982191317870804,0.02591112409797733,0.23269490710039167,0.20678378300241435
raw_predicted_pv,position_rmse,120,10000,20270743,0.95,0.1759127309924674,0.13107212168458254,0.22662496030846763,0.07765822734785709,0.05478578935735672,0.13674246975666163,0.025322866867571465,0.23094515964818524,0.20562229278061378
scalar_projected_pva,position_rmse,120,10000,20270744,0.95,0.046093229819663864,0.027822846504500443,0.06988319860604017,0.012630265385407118,0.011151918366265123,0.015584951439640341,0.005454743322113741,0.021517370168224925,0.016062626846111185
deployed_p_only,position_mae,120,10000,20271721,0.95,0.14594846987111448,0.10952341409781034,0.1882468299048763,0.061887314757354664,0.04446145359473571,0.11913103154638383,0.021331419748567663,0.1865794052276873,0.16524798547911962
estimator_rank_2::local_poly_w7_d3_lag1::deployed_p_only,position_mae,120,10000,20271722,0.95,0.14594846987111448,0.10930566432757853,0.1889082341280634,0.061887314757354664,0.04502162662735522,0.11913103154638383,0.021331419748567663,0.1865794052276873,0.16524798547911962
estimator_rank_2::local_poly_w7_d3_lag1::jerk_qp_pva_direct,position_mae,120,10000,20271723,0.95,0.030783435032644847,0.0198190941188098,0.04383596281144891,0.010700968776084077,0.008739580147066958,0.013291417336038886,0.004382640007564916,0.019283311865008965,0.014900671857444049
estimator_rank_2::local_poly_w7_d3_lag1::jerk_qp_pva_ruckig,position_mae,120,10000,20271724,0.95,0.03078343524858971,0.019676018215419554,0.04388091206119016,0.010700968775642842,0.008820669283995369,0.013291421084224656,0.0043826400071709185,0.019283311831322952,0.014900671824152034
estimator_rank_2::local_poly_w7_d3_lag1::one_step_governed_pva_direct,position_mae,120,10000,20271725,0.95,0.03528473935172763,0.02062191351989304,0.05476152729950925,0.010774787968626093,0.00975530363240584,0.013292334898312417,0.004581881213729409,0.019178295375507252,0.014596414161777843
estimator_rank_2::local_poly_w7_d3_lag1::one_step_governed_pva_ruckig,position_mae,120,10000,20271726,0.95,0.03528473930163469,0.020568380896399865,0.05465748593617138,0.010774787958622835,0.009550496835593688,0.01329233495746435,0.004581881062016868,0.019178292905006042,0.014596411842989175
estimator_rank_2::local_poly_w7_d3_lag1::predicted_p,position_mae,120,10000,20271727,0.95,0.14606283790121982,0.10898844107080727,0.18927891655585344,0.061887354852588304,0.04446143406614797,0.11840192189927731,0.021331500579180422,0.18659610795485754,0.1652646073756771
estimator_rank_2::local_poly_w7_d3_lag1::raw_predicted_pv,position_mae,120,10000,20271728,0.95,0.1445431170413151,0.10773898579990775,0.1881938423738404,0.06155841052985372,0.044401329628762955,0.11304899969928243,0.021337277530946167,0.18218459680310212,0.16084731927215595
estimator_rank_2::local_poly_w7_d3_lag1::scalar_projected_pva,position_mae,120,10000,20271729,0.95,0.03538437389147945,0.020406029324225312,0.05462473806345474,0.010774787968626093,0.009550496839168655,0.013292334898312417,0.004581881213729409,0.019178295375507252,0.014596414161777843
estimator_rank_3::ca_kf_s1e-06_q100::deployed_p_only,position_mae,120,10000,20271730,0.95,0.14594846987111448,0.10969200474605473,0.18968158797690815,0.061887314757354664,0.04468189150425065,0.11913103154638383,0.021331419748567663,0.1865794052276873,0.16524798547911962
estimator_rank_3::ca_kf_s1e-06_q100::jerk_qp_pva_direct,position_mae,120,10000,20271731,0.95,0.03048559853452688,0.019527857645499705,0.04406964436359126,0.01058957270046294,0.008006041980465688,0.012690024175765965,0.004319233181831524,0.018645947279000753,0.014326714097169228
estimator_rank_3::ca_kf_s1e-06_q100::jerk_qp_pva_ruckig,position_mae,120,10000,20271732,0.95,0.03048559856285526,0.01950271070695263,0.04371612807512621,0.01058957269927606,0.007864009004814737,0.01269829116973039,0.004319233181792928,0.01864594722946896,0.014326714047676032
estimator_rank_3::ca_kf_s1e-06_q100::one_step_governed_pva_direct,position_mae,120,10000,20271733,0.95,0.03456322886692904,0.020073902366187394,0.053698291000577214,0.010596361335749885,0.008745167305984167,0.012789976738369584,0.004343517921554649,0.01912854583584038,0.01478502791428573
estimator_rank_3::ca_kf_s1e-06_q100::one_step_governed_pva_ruckig,position_mae,120,10000,20271734,0.95,0.03456322582104654,0.020302779638807715,0.05315650784725647,0.010596361335561166,0.008812107588087134,0.012789977866666514,0.004343517921557958,0.019128541945925587,0.014785024024367628
estimator_rank_3::ca_kf_s1e-06_q100::predicted_p,position_mae,120,10000,20271735,0.95,0.14597729385156946,0.10932050598917074,0.18980946786788688,0.061887314782507544,0.0450216266383249,0.11913103162571312,0.02133141982289091,0.1871341623165703,0.16580274249367938
estimator_rank_3::ca_kf_s1e-06_q100::raw_predicted_pv,position_mae,120,10000,20271736,0.95,0.1445174189822356,0.1067351248629854,0.18775323887576803,0.06155839178551813,0.04440128349260411,0.11529272107396718,0.02133725649350357,0.1821844539738943,0.16084719748039072
estimator_rank_3::ca_kf_s1e-06_q100::scalar_projected_pva,position_mae,120,10000,20271737,0.95,0.03872620075767641,0.02286687360749098,0.05888837573561446,0.010596361335749885,0.008812107578613122,0.012906606234311824,0.004343517921554649,0.01912854583584038,0.01478502791428573
jerk_qp_pva_direct,position_mae,120,10000,20271738,0.95,0.0308773928855132,0.020071340887926097,0.044225720295505484,0.010714652882247749,0.008828547374054535,0.013073836041975453,0.004430996567135083,0.019283125136294425,0.014852128569159342
jerk_qp_pva_ruckig,position_mae,120,10000,20271739,0.95,0.030877392773606786,0.019816031561641006,0.04441074484853199,0.010714652885767147,0.00883558275111307,0.013106082783269508,0.004430997390626625,0.01928312527694762,0.014852127886320995
one_step_governed_pva_direct,position_mae,120,10000,20271740,0.95,0.035113932900706794,0.02066873135468487,0.054857568245753406,0.010813001486862489,0.009591998538360017,0.013550144849712734,0.004576155511017442,0.01930056847041929,0.014724412959401849
one_step_governed_pva_ruckig,position_mae,120,10000,20271741,0.95,0.03511393289450885,0.020295506413121216,0.0540504307321101,0.010813001492936448,0.009808254489308053,0.013550144900867445,0.00457615561942726,0.019300565650565104,0.014724410031137844
predicted_p,position_mae,120,10000,20271742,0.95,0.1460663721257226,0.10894278716285473,0.18969390116683132,0.06188735918110828,0.044286112326897206,0.11913114326367892,0.021331508475944644,0.18684624784396442,0.16551473936801978
raw_predicted_pv,position_mae,120,10000,20271743,0.95,0.14454134399857219,0.10790072746361876,0.18726277212213197,0.06155851418547929,0.04434300414093442,0.11528883133426866,0.021337458455031284,0.18218483808862002,0.16084737963358872
scalar_projected_pva,position_mae,120,10000,20271744,0.95,0.03934431963948162,0.023642320688907037,0.06011553766194437,0.010813001486862489,0.009807295786230033,0.013550144849712734,0.004576155511017442,0.01930056847041929,0.014724412959401849
deployed_p_only,position_p95_abs_error,120,10000,20272721,0.95,0.3277183713698881,0.2491112157714523,0.4201093683926697,0.15294352461974053,0.10432505027263336,0.2633989758791572,0.04408872907268305,0.4272300671658363,0.3831413380931532
estimator_rank_2::local_poly_w7_d3_lag1::deployed_p_only,position_p95_abs_error,120,10000,20272722,0.95,0.3277183713698881,0.2481546463229859,0.4192114728521614,0.15294352461974053,0.10432505027263336,0.2633989758791572,0.04408872907268305,0.4272300671658363,0.3831413380931532
estimator_rank_2::local_poly_w7_d3_lag1::jerk_qp_pva_direct,position_p95_abs_error,120,10000,20272723,0.95,0.047917351306400936,0.03230666318402025,0.06655258483896866,0.02061946988366859,0.017373169211988566,0.02275115807885515,0.010393661046979719,0.03637914535987172,0.025985484312892
estimator_rank_2::local_poly_w7_d3_lag1::jerk_qp_pva_ruckig,position_p95_abs_error,120,10000,20272724,0.95,0.04791735142631588,0.03269801724224824,0.06687288132527405,0.020619469721264057,0.017373171948263173,0.02275115807842132,0.01039366275982748,0.03637914536018967,0.02598548260036219
estimator_rank_2::local_poly_w7_d3_lag1::one_step_governed_pva_direct,position_p95_abs_error,120,10000,20272725,0.95,0.06667769939332834,0.037031301757522075,0.10746974497707919,0.020830993070214656,0.01877582930330036,0.025826126517611046,0.009525153032658919,0.03638661183987488,0.02686145880721596
estimator_rank_2::local_poly_w7_d3_lag1::one_step_governed_pva_ruckig,position_p95_abs_error,120,10000,20272726,0.95,0.06667769934144925,0.03632852532827919,0.10765446321860173,0.020830993306344435,0.01883376973239757,0.025826126754449123,0.009525153128981757,0.03638661171430319,0.026861458585321435
estimator_rank_2::local_poly_w7_d3_lag1::predicted_p,position_p95_abs_error,120,10000,20272727,0.95,0.32804168630696406,0.24977940253688505,0.4205961032827391,0.1529436858440832,0.10432509574574793,0.26346736056470765,0.044088689029113864,0.42723027599854124,0.38314158696942735
estimator_rank_2::local_poly_w7_d3_lag1::raw_predicted_pv,position_p95_abs_error,120,10000,20272728,0.95,0.32502179016861665,0.24451707739349654,0.4162218358529738,0.14647615225024602,0.09889459168675842,0.26347647460207896,0.04375530775219601,0.4272131767083402,0.3834578689561442
estimator_rank_2::local_poly_w7_d3_lag1::scalar_projected_pva,position_p95_abs_error,120,10000,20272729,0.95,0.06693323376521236,0.03678951617543771,0.1087491981150088,0.020830993070214656,0.018833769732041407,0.025826126517611046,0.009525153032658919,0.03638661183987488,0.02686145880721596
estimator_rank_3::ca_kf_s1e-06_q100::deployed_p_only,position_p95_abs_error,120,10000,20272730,0.95,0.3277183713698881,0.24596392256910335,0.4169126791588537,0.15294352461974053,0.1035790633844284,0.2633989758791572,0.04408872907268305,0.4272300671658363,0.3831413380931532
estimator_rank_3::ca_kf_s1e-06_q100::jerk_qp_pva_direct,position_p95_abs_error,120,10000,20272731,0.95,0.04676467003765974,0.031447232244161724,0.06614463236665856,0.01979842344589803,0.016657343628655136,0.021713702266452705,0.009757093819252088,0.03376015934744589,0.0240030655281938
estimator_rank_3::ca_kf_s1e-06_q100::jerk_qp_pva_ruckig,position_p95_abs_error,120,10000,20272732,0.95,0.04676466997060975,0.03128228326034865,0.0653762659643872,0.019798423445899393,0.016657342529453095,0.021713702265819177,0.009757094050655588,0.03376015811961228,0.02400306406895669
estimator_rank_3::ca_kf_s1e-06_q100::one_step_governed_pva_direct,position_p95_abs_error,120,10000,20272733,0.95,0.06488163790073662,0.03552430908209732,0.1062512775815942,0.019895688194779583,0.016911785933903984,0.025515087610314794,0.009232912434128422,0.03398137873516778,0.024748466301039357
estimator_rank_3::ca_kf_s1e-06_q100::one_step_governed_pva_ruckig,position_p95_abs_error,120,10000,20272734,0.95,0.06488163956516194,0.0352844509877455,0.10619220190921969,0.019895687907947046,0.016911785933907558,0.02551508564496657,0.009232912372373956,0.033981378735258985,0.02474846636288503
estimator_rank_3::ca_kf_s1e-06_q100::predicted_p,position_p95_abs_error,120,10000,20272735,0.95,0.3277988805652647,0.24890813240863963,0.4159405860654503,0.15294352468721154,0.10432505030557865,0.2633989760090467,0.04408872914332215,0.42723006729086827,0.38314133814754614
estimator_rank_3::ca_kf_s1e-06_q100::raw_predicted_pv,position_p95_abs_error,120,10000,20272736,0.95,0.3248488806745079,0.24595939282262497,0.417830458674444,0.14647598300686981,0.09989937701223739,0.2669056620763597,0.04375523078859715,0.42721393119640183,0.38345870040780466
estimator_rank_3::ca_kf_s1e-06_q100::scalar_projected_pva,position_p95_abs_error,120,10000,20272737,0.95,0.0775384615155855,0.04451149962585987,0.12166447051539,0.019895688194779583,0.016911785933903984,0.025515087610314794,0.009232912434128422,0.03398137873516778,0.024748466301039357
jerk_qp_pva_direct,position_p95_abs_error,120,10000,20272738,0.95,0.04771752658186804,0.03219780931825442,0.06613580720321723,0.02064378499932648,0.017339539935112613,0.02293203096747797,0.010303114761662575,0.03575981917221832,0.025456704410555746
jerk_qp_pva_ruckig,position_p95_abs_error,120,10000,20272739,0.95,0.04771752638792528,0.03259514717139252,0.06632960368465408,0.020643784278176487,0.017339536530475395,0.02287080758113913,0.01030311661083219,0.035759819172632,0.025456702561799806
one_step_governed_pva_direct,position_p95_abs_error,120,10000,20272740,0.95,0.06636328996097052,0.036394558195285684,0.10912405369602335,0.020637687154682324,0.019018179854400945,0.02575248564178196,0.0095762733338853,0.036563229128208946,0.02698695579432365
one_step_governed_pva_ruckig,position_p95_abs_error,120,10000,20272741,0.95,0.06636328993703601,0.036756408580505266,0.10807541041119934,0.02063768749277431,0.01901817985480625,0.025898560890605347,0.009576273334921365,0.03656322608199125,0.026986952747069887
predicted_p,position_p95_abs_error,120,10000,20272742,0.95,0.32803536771076947,0.2483647828978164,0.42058127456516836,0.152943702990419,0.103769137548402,0.26339918250378525,0.044088687692940505,0.42723030846492127,0.3831416207719808
raw_predicted_pv,position_p95_abs_error,120,10000,20272743,0.95,0.32502331747714547,0.2455848775214261,0.41712978882852764,0.14647623924981906,0.09989951334048058,0.2669030187264462,0.04375525790546709,0.4272138774006436,0.3834586194951765
scalar_projected_pva,position_p95_abs_error,120,10000,20272744,0.95,0.07962302454103543,0.045252615433189036,0.12321916901499784,0.020637687154682324,0.019018179854400945,0.02568882175205574,0.0095762733338853,0.036563229128208946,0.02698695579432365
deployed_p_only,total_p99_us,120,10000,20273721,0.95,1015.6982917499998,977.7788092229166,1057.6181615249998,938.8517599999996,927.1830199999999,958.74427,905.2033224999999,973.3318749999999,68.12855249999996
estimator_rank_2::local_poly_w7_d3_lag1::deployed_p_only,total_p99_us,120,10000,20273722,0.95,1014.9551944166665,977.1318881812498,1055.8184399000002,941.8044,924.1046699999999,954.79804,903.6848474999999,976.3062099999995,72.62136249999958
estimator_rank_2::local_poly_w7_d3_lag1::jerk_qp_pva_direct,total_p99_us,120,10000,20273723,0.95,1649.9618734166665,1627.8088649499998,1674.6942138395832,1620.8578200000002,1608.1200551250001,1634.0635399999999,1567.3046325,1673.36729,106.06265749999989
estimator_rank_2::local_poly_w7_d3_lag1::jerk_qp_pva_ruckig,total_p99_us,120,10000,20273724,0.95,1762.8808847499997,1705.3850937479165,1833.3904045958325,1665.2914449999998,1653.81801,1682.1514206249997,1616.5616375,1730.500797499998,113.93915999999808
estimator_rank_2::local_poly_w7_d3_lag1::one_step_governed_pva_direct,total_p99_us,120,10000,20273725,0.95,902.0512584999999,863.74580955625,952.1989725479165,861.871645,839.2380350000001,870.47435,827.29357,888.758125,61.464554999999905
estimator_rank_2::local_poly_w7_d3_lag1::one_step_governed_pva_ruckig,total_p99_us,120,10000,20273726,0.95,926.3016364166666,903.9579011249999,952.50035086875,898.9626499999999,881.5782599999997,911.960705,859.4374249999998,919.3762825,59.938857500000154
estimator_rank_2::local_poly_w7_d3_lag1::predicted_p,total_p99_us,120,10000,20273727,0.95,1086.8108023333332,1041.7486115374998,1140.8681616916667,998.00375,977.1246900000002,1011.3100000000001,952.9320725,1028.6278125,75.69573999999989
estimator_rank_2::local_poly_w7_d3_lag1::raw_predicted_pv,total_p99_us,120,10000,20273728,0.95,1078.43560525,1030.6846178375001,1133.4776819604162,989.91798,968.81508,997.7742499999999,944.8925999999999,1022.5781125000001,77.68551250000019
estimator_rank_2::local_poly_w7_d3_lag1::scalar_projected_pva,total_p99_us,120,10000,20273729,0.95,1097.9784944166668,1050.4321788625,1156.6861775437499,1026.99148,1008.0639199999999,1047.19672,985.373565,1059.5408549999997,74.16728999999975
estimator_rank_3::ca_kf_s1e-06_q100::deployed_p_only,total_p99_us,120,10000,20273730,0.95,1008.5488399999999,972.7110631291665,1048.7630584208334,935.1764449999998,920.70418,950.20112,900.3196925,968.4775,68.15780749999999
estimator_rank_3::ca_kf_s1e-06_q100::jerk_qp_pva_direct,total_p99_us,120,10000,20273731,0.95,1652.7273788333332,1606.8303566499997,1715.1297782145832,1608.7645000000002,1589.43458,1621.4837499999999,1546.703435,1652.8938999999998,106.1904649999999
estimator_rank_3::ca_kf_s1e-06_q100::jerk_qp_pva_ruckig,total_p99_us,120,10000,20273732,0.95,1675.0048247499997,1650.8632322375,1704.74490013125,1654.02059,1640.20675,1664.70263375,1596.175275,1696.12576,99.95048499999984
estimator_rank_3::ca_kf_s1e-06_q100::one_step_governed_pva_direct,total_p99_us,120,10000,20273733,0.95,889.3722725,858.8961509666667,929.0657766333331,846.784985,832.2336099999998,871.27,819.6396225,888.4562575,68.81663500000002
estimator_rank_3::ca_kf_s1e-06_q100::one_step_governed_pva_ruckig,total_p99_us,120,10000,20273734,0.95,924.3241275833333,897.2326141833335,960.9143104937498,875.660695,868.8368399999999,897.13566,855.39625,921.7345025000003,66.3382525000003
estimator_rank_3::ca_kf_s1e-06_q100::predicted_p,total_p99_us,120,10000,20273735,0.95,1067.5629775833331,1026.3683742624999,1112.1820965395832,985.9832449999999,966.3887100000001,1000.0746,947.91358,1016.3224250000003,68.40884500000027
estimator_rank_3::ca_kf_s1e-06_q100::raw_predicted_pv,total_p99_us,120,10000,20273736,0.95,1084.55274775,1039.77087346875,1134.0726347687503,991.97732,970.26,1008.0889699999999,946.6033375,1037.5233699999997,90.9200324999997
estimator_rank_3::ca_kf_s1e-06_q100::scalar_projected_pva,total_p99_us,120,10000,20273737,0.95,1042.8402429166665,1023.9498555041665,1066.7177989916668,1017.8627249999997,1001.2557771250002,1043.68101,981.7522899999998,1061.3234325,79.57114250000029
jerk_qp_pva_direct,total_p99_us,120,10000,20273738,0.95,1680.6432457499998,1630.7601955041664,1743.7417153270828,1617.9357699999996,1608.9,1630.467,1572.2429899999997,1655.9757,83.73271000000022
jerk_qp_pva_ruckig,total_p99_us,120,10000,20273739,0.95,1653.5130189166666,1636.8023377104169,1671.7296177520832,1646.3256350000001,1625.8745299999996,1657.1452399999998,1595.60898,1679.7247499999999,84.11576999999988
one_step_governed_pva_direct,total_p99_us,120,10000,20273740,0.95,871.5844847499999,850.8876996145833,898.3528833354165,836.190955,828.31125,852.4200000000002,820.0368749999999,880.4136599999999,60.37678500000004
one_step_governed_pva_ruckig,total_p99_us,120,10000,20273741,0.95,936.6605804999999,906.33434325,973.1295432958333,876.7135499999999,867.1520449999998,897.6902649999993,857.0957349999999,914.32697,57.23123500000008
predicted_p,total_p99_us,120,10000,20273742,0.95,1061.0886253333333,1019.4945260791665,1108.5936336624998,976.4863,958.13287,991.63499325,939.306605,1011.21139,71.90478500000006
raw_predicted_pv,total_p99_us,120,10000,20273743,0.95,1053.9704980833333,1015.7438353041666,1096.8118353625,971.5747450000001,956.907138125,996.1126899999999,942.474935,1013.3900349999999,70.91509999999994
scalar_projected_pva,total_p99_us,120,10000,20273744,0.95,1052.2356322499998,1028.1413249645832,1083.7064361229166,1034.916875,1016.39652,1044.36285,986.1539099999999,1058.1315399999999,71.97762999999998
