comparison_id,stratum_dimension,stratum_value,metric,baseline_method,candidate_method,direction,relative_definition,relative_point_defined,relative_interval_defined,relative_status,improvement_direction,n_trajectories,n_expected_trajectories,n_excluded_trajectories,resamples,seed,confidence_level,baseline_mean,baseline_median,baseline_q25,baseline_q75,candidate_mean,candidate_median,candidate_q25,candidate_q75,absolute_difference,absolute_ci_low,absolute_ci_high,relative_difference,relative_ci_low,relative_ci_high,improvement,improvement_ci_low,improvement_ci_high,relative_improvement,relative_improvement_ci_low,relative_improvement_ci_high,effect_size_name,effect_size,effect_size_ci_low,effect_size_ci_high,effect_size_defined,unadjusted_p_value
primary_position:one_step_pva-vs-predicted_p,reference_family,boundary_grazing,position_rmse,predicted_p,one_step_governed_pva_direct,candidate_minus_baseline,mean(candidate-baseline)/abs(mean(baseline)),True,True,defined,baseline_minus_candidate_lower_is_better,20,20,0,10000,20360722,0.95,0.01817299946796248,0.018565681954303408,0.011232157201129123,0.02436590105491935,0.011326437917206547,0.011343223992849174,0.006522685696308289,0.01487073690589078,-0.006846561550755933,-0.008820987484248515,-0.005173587065400576,-0.3767436169701025,-0.41807918436053687,-0.3333180033157114,0.006846561550755933,0.005173587065400576,0.008820987484248515,0.3767436169701025,0.3333180033157114,0.41807918436053687,paired_cohen_dz_candidate_minus_baseline,-1.584042574558267,-2.6017148277729714,-1.294349807056393,True,9.999000099990002e-05
primary_position:one_step_pva-vs-predicted_p,reference_family,oscillatory,position_rmse,predicted_p,one_step_governed_pva_direct,candidate_minus_baseline,mean(candidate-baseline)/abs(mean(baseline)),True,True,defined,baseline_minus_candidate_lower_is_better,20,20,0,10000,20360723,0.95,0.5199997839726163,0.274955774306711,0.11737476101435418,0.6618384056575322,0.16670210015511466,0.10491644985596069,0.022371362827310906,0.17019622624841474,-0.35329768381750176,-0.5048922637703325,-0.21619105112115922,-0.6794189049819044,-0.8008967622257561,-0.5670604530755615,0.35329768381750176,0.21619105112115922,0.5048922637703325,0.6794189049819044,0.5670604530755615,0.8008967622257561,paired_cohen_dz_candidate_minus_baseline,-1.0200639798069513,-1.4409649264777509,-0.7839642594014725,True,9.999000099990002e-05
primary_position:one_step_pva-vs-predicted_p,reference_family,piecewise_constant_jerk,position_rmse,predicted_p,one_step_governed_pva_direct,candidate_minus_baseline,mean(candidate-baseline)/abs(mean(baseline)),True,True,defined,baseline_minus_candidate_lower_is_better,20,20,0,10000,20360724,0.95,0.14037791371143285,0.11263257414543437,0.06897004201783637,0.2011844413436762,0.014066398392080357,0.01414561967458804,0.00947769322497037,0.01958103486642572,-0.12631151531935253,-0.1651563062708025,-0.09070113681600195,-0.8997962142321345,-0.9183959010969215,-0.8744428682092324,0.12631151531935253,0.09070113681600195,0.1651563062708025,0.8997962142321345,0.8744428682092324,0.9183959010969215,paired_cohen_dz_candidate_minus_baseline,-1.4370358082257395,-1.913443703655782,-1.179822555132239,True,9.999000099990002e-05
primary_position:one_step_pva-vs-predicted_p,reference_family,rapid_reversal,position_rmse,predicted_p,one_step_governed_pva_direct,candidate_minus_baseline,mean(candidate-baseline)/abs(mean(baseline)),True,True,defined,baseline_minus_candidate_lower_is_better,20,20,0,10000,20360725,0.95,0.025809016327434393,0.021246860111775075,0.016786374892356425,0.026074430718312017,0.027098445071287912,0.015010042827851813,0.005286894657690905,0.03954615467161304,0.0012894287438535283,-0.014845260866528443,0.016687276815892417,0.04996039862561112,-0.4513342133177476,0.7648964215330144,-0.0012894287438535283,-0.016687276815892417,0.014845260866528443,-0.04996039862561112,-0.7648964215330144,0.4513342133177476,paired_cohen_dz_candidate_minus_baseline,0.03539736619811859,-0.42623271174925603,0.49975134300709095,True,0.8678132186781322
primary_position:one_step_pva-vs-predicted_p,reference_family,stationary_endpoint,position_rmse,predicted_p,one_step_governed_pva_direct,candidate_minus_baseline,mean(candidate-baseline)/abs(mean(baseline)),True,True,defined,baseline_minus_candidate_lower_is_better,20,20,0,10000,20360726,0.95,0.18442473952758837,0.18594870685332118,0.10297683356866555,0.22908049088790794,0.014079148157120382,0.01442202598448681,0.00947331898081644,0.019217895195284745,-0.170345591370468,-0.21788588835433514,-0.12895637364383455,-0.9236591132340234,-0.9356967123005056,-0.9097852627618954,0.170345591370468,0.12895637364383455,0.21788588835433514,0.9236591132340234,0.9097852627618954,0.9356967123005056,paired_cohen_dz_candidate_minus_baseline,-1.6383203706993572,-2.7525972264364222,-1.2426246260305371,True,9.999000099990002e-05
primary_position:one_step_pva-vs-predicted_p,reference_family,stop_and_go,position_rmse,predicted_p,one_step_governed_pva_direct,candidate_minus_baseline,mean(candidate-baseline)/abs(mean(baseline)),True,True,defined,baseline_minus_candidate_lower_is_better,20,20,0,10000,20360727,0.95,0.17718562529083753,0.16574183929998593,0.1166625781942614,0.2537135880498072,0.007876229059785328,0.00834957628910736,0.004679485986560762,0.010851429747938665,-0.16930939623105226,-0.20716141541064623,-0.1313138101338686,-0.9555481487459436,-0.9599430193597326,-0.9508054393691354,0.16930939623105226,0.1313138101338686,0.20716141541064623,0.9555481487459436,0.9508054393691354,0.9599430193597326,paired_cohen_dz_candidate_minus_baseline,-1.896506934792739,-2.773253621259121,-1.4652227303118885,True,9.999000099990002e-05
primary_position:one_step_pva-vs-predicted_p,demand_stratum,high,position_rmse,predicted_p,one_step_governed_pva_direct,candidate_minus_baseline,mean(candidate-baseline)/abs(mean(baseline)),True,True,defined,baseline_minus_candidate_lower_is_better,30,30,0,10000,20360723,0.95,0.24671812097976328,0.17146191206946748,0.02627036430382564,0.238417811075403,0.04819133350494021,0.01676425534956718,0.011266159632995392,0.020623656663062997,-0.19852678747482302,-0.30314722338052547,-0.11379011631343587,-0.804670474493063,-0.8993671690213269,-0.7000312292169432,0.19852678747482302,0.11379011631343587,0.30314722338052547,0.804670474493063,0.7000312292169432,0.8993671690213269,paired_cohen_dz_candidate_minus_baseline,-0.7280264687579382,-1.2351527817789043,-0.583061346455126,True,0.0008999100089991
primary_position:one_step_pva-vs-predicted_p,demand_stratum,low,position_rmse,predicted_p,one_step_governed_pva_direct,candidate_minus_baseline,mean(candidate-baseline)/abs(mean(baseline)),True,True,defined,baseline_minus_candidate_lower_is_better,30,30,0,10000,20360724,0.95,0.046175080404576775,0.045493514767472445,0.0161979544080188,0.05593629897066562,0.008998049802872367,0.004494784079258804,0.003448156849131868,0.004967625287686662,-0.03717703060170441,-0.05057387101053606,-0.025718753460118777,-0.8051319082926708,-0.8934161874578926,-0.7216622226736102,0.03717703060170441,0.025718753460118777,0.05057387101053606,0.8051319082926708,0.7216622226736102,0.8934161874578926,paired_cohen_dz_candidate_minus_baseline,-1.0410538880284148,-1.7335833069587159,-0.7848429185611964,True,9.999000099990002e-05
primary_position:one_step_pva-vs-predicted_p,demand_stratum,medium,position_rmse,predicted_p,one_step_governed_pva_direct,candidate_minus_baseline,mean(candidate-baseline)/abs(mean(baseline)),True,True,defined,baseline_minus_candidate_lower_is_better,30,30,0,10000,20360725,0.95,0.14140272813885263,0.12350375446542682,0.024586834377059136,0.19889224893038837,0.030457194586628458,0.011564302751001532,0.009361534477613481,0.017069224883323183,-0.11094553355222418,-0.15582300716303585,-0.07152305869369553,-0.784606740000656,-0.877363000901989,-0.6732746976253172,0.11094553355222418,0.07152305869369553,0.15582300716303585,0.784606740000656,0.6732746976253172,0.877363000901989,paired_cohen_dz_candidate_minus_baseline,-0.9227548069774598,-1.3954578412597305,-0.6885374503295038,True,9.999000099990002e-05
primary_position:one_step_pva-vs-predicted_p,demand_stratum,near_limit,position_rmse,predicted_p,one_step_governed_pva_direct,candidate_minus_baseline,mean(candidate-baseline)/abs(mean(baseline)),True,True,defined,baseline_minus_candidate_lower_is_better,30,30,0,10000,20360726,0.95,0.2763507893420553,0.21696666786514696,0.03556486384590598,0.2961606778949001,0.07311926127395577,0.02126206499578065,0.01429531974708813,0.02682598907603791,-0.2032315280680996,-0.2824865097997831,-0.13189096144198303,-0.7354114260066332,-0.8655194237069532,-0.6049165425274334,0.2032315280680996,0.13189096144198303,0.2824865097997831,0.7354114260066332,0.6049165425274334,0.8655194237069532,paired_cohen_dz_candidate_minus_baseline,-0.9477065150334512,-1.343382996203106,-0.7087267613467217,True,9.999000099990002e-05
primary_position:one_step_pva-vs-predicted_p,sample_rate_hz,100,position_rmse,predicted_p,one_step_governed_pva_direct,candidate_minus_baseline,mean(candidate-baseline)/abs(mean(baseline)),True,True,defined,baseline_minus_candidate_lower_is_better,120,120,0,10000,20360724,0.95,0.17766167971631203,0.08001418852161732,0.02591112409797733,0.23269490710039167,0.04019145979209921,0.012630265385407118,0.005454743322113741,0.021517370168224925,-0.1374702199242128,-0.17591085005798332,-0.10501241754873032,-0.7737753022695921,-0.8442252776752188,-0.6999634006170208,0.1374702199242128,0.10501241754873032,0.17591085005798332,0.7737753022695921,0.6999634006170208,0.8442252776752188,paired_cohen_dz_candidate_minus_baseline,-0.7060876702395453,-0.894625556066638,-0.5973601146872602,True,9.999000099990002e-05
max_error:one_step_pva-vs-predicted_p,reference_family,boundary_grazing,position_max_abs_error,predicted_p,one_step_governed_pva_direct,candidate_minus_baseline,mean(candidate-baseline)/abs(mean(baseline)),True,True,defined,baseline_minus_candidate_lower_is_better,20,20,0,10000,20360822,0.95,0.03304032188698609,0.03546702816126321,0.018890574845224755,0.04179640364868109,0.017273619437488962,0.017507559433529926,0.00993949313844736,0.02254416637496006,-0.015766702449497128,-0.019934271165089043,-0.01213975979317732,-0.4771957883287847,-0.5102191821141715,-0.44261269606342324,0.015766702449497128,0.01213975979317732,0.019934271165089043,0.4771957883287847,0.44261269606342324,0.5102191821141715,paired_cohen_dz_candidate_minus_baseline,-1.7220567342484312,-2.8364355466101387,-1.3651407058293181,True,9.999000099990002e-05
max_error:one_step_pva-vs-predicted_p,reference_family,oscillatory,position_max_abs_error,predicted_p,one_step_governed_pva_direct,candidate_minus_baseline,mean(candidate-baseline)/abs(mean(baseline)),True,True,defined,baseline_minus_candidate_lower_is_better,20,20,0,10000,20360823,0.95,0.992349272112951,0.5425640903937929,0.24536526392929706,1.392062676126298,0.2884038232218059,0.15974557540009882,0.03551307912621264,0.2672659243990355,-0.703945448891145,-0.9970428487195275,-0.4403833776921897,-0.7093726661302178,-0.839590320844238,-0.5637077895142322,0.703945448891145,0.4403833776921897,0.9970428487195275,0.7093726661302178,0.5637077895142322,0.839590320844238,paired_cohen_dz_candidate_minus_baseline,-1.0858329724056646,-1.5622308828162113,-0.8399097835387674,True,0.00019998000199980003
max_error:one_step_pva-vs-predicted_p,reference_family,piecewise_constant_jerk,position_max_abs_error,predicted_p,one_step_governed_pva_direct,candidate_minus_baseline,mean(candidate-baseline)/abs(mean(baseline)),True,True,defined,baseline_minus_candidate_lower_is_better,20,20,0,10000,20360824,0.95,0.2816023836432413,0.21546169990011327,0.13458916466708176,0.3935483635450803,0.025805238695876566,0.02726897759155278,0.017412349320876652,0.03559066038163283,-0.2557971449473647,-0.3425702416088247,-0.17976074969537975,-0.9083628541704074,-0.9241919156539595,-0.8867293901952931,0.2557971449473647,0.17976074969537975,0.3425702416088247,0.9083628541704074,0.8867293901952931,0.9241919156539595,paired_cohen_dz_candidate_minus_baseline,-1.3245506954418067,-1.870445246544662,-1.0689268401374155,True,9.999000099990002e-05
max_error:one_step_pva-vs-predicted_p,reference_family,rapid_reversal,position_max_abs_error,predicted_p,one_step_governed_pva_direct,candidate_minus_baseline,mean(candidate-baseline)/abs(mean(baseline)),True,True,defined,baseline_minus_candidate_lower_is_better,20,20,0,10000,20360825,0.95,0.04718868140306609,0.03895970184293983,0.03177968949908297,0.048770672114532454,0.04560106652840175,0.031063923696615085,0.010539405795090401,0.06601889291323178,-0.0015876148746643433,-0.029294739635860934,0.023488039807817603,-0.033643976213355006,-0.47558502899440663,0.6147410012279092,0.0015876148746643433,-0.023488039807817603,0.029294739635860934,0.033643976213355006,-0.6147410012279092,0.47558502899440663,paired_cohen_dz_candidate_minus_baseline,-0.025794377879673955,-0.46180189549295464,0.4495588874262721,True,0.9126087391260874
max_error:one_step_pva-vs-predicted_p,reference_family,stationary_endpoint,position_max_abs_error,predicted_p,one_step_governed_pva_direct,candidate_minus_baseline,mean(candidate-baseline)/abs(mean(baseline)),True,True,defined,baseline_minus_candidate_lower_is_better,20,20,0,10000,20360826,0.95,0.34128337280201776,0.33536704899397957,0.19913288409456392,0.4241134691936119,0.022085899147002232,0.022183448664284677,0.014771957313458844,0.031409900448709394,-0.31919747365501544,-0.4054649574348272,-0.24200923838904423,-0.9352857451985668,-0.9453060090907163,-0.9241407249518222,0.31919747365501544,0.24200923838904423,0.4054649574348272,0.9352857451985668,0.9241407249518222,0.9453060090907163,paired_cohen_dz_candidate_minus_baseline,-1.662435855110254,-2.895442670497082,-1.2522794083306779,True,9.999000099990002e-05
max_error:one_step_pva-vs-predicted_p,reference_family,stop_and_go,position_max_abs_error,predicted_p,one_step_governed_pva_direct,candidate_minus_baseline,mean(candidate-baseline)/abs(mean(baseline)),True,True,defined,baseline_minus_candidate_lower_is_better,20,20,0,10000,20360827,0.95,0.3506161124846662,0.35631081798367875,0.23436319583562448,0.4897699457030422,0.018361450435217565,0.019164116153376112,0.008777386463661746,0.025525344691564637,-0.33225466204944853,-0.40508635220597006,-0.2603222008754919,-0.9476308994897642,-0.9542721125677153,-0.940785967346839,0.33225466204944853,0.2603222008754919,0.40508635220597006,0.9476308994897642,0.940785967346839,0.9542721125677153,paired_cohen_dz_candidate_minus_baseline,-1.9938526467038042,-2.995314429840487,-1.5333703237613843,True,9.999000099990002e-05
max_error:one_step_pva-vs-predicted_p,demand_stratum,high,position_max_abs_error,predicted_p,one_step_governed_pva_direct,candidate_minus_baseline,mean(candidate-baseline)/abs(mean(baseline)),True,True,defined,baseline_minus_candidate_lower_is_better,30,30,0,10000,20360823,0.95,0.4890720968941257,0.3574831777041362,0.048339132413511704,0.4723855949172379,0.08275828786599858,0.028796681849026395,0.021474075551371444,0.04245301632260523,-0.40631380902812714,-0.6218636810757687,-0.24336997154708367,-0.8307850961206767,-0.9132165713837753,-0.7283815947357571,0.40631380902812714,0.24336997154708367,0.6218636810757687,0.8307850961206767,0.7283815947357571,0.9132165713837753,paired_cohen_dz_candidate_minus_baseline,-0.7546262805235716,-1.2189886287691774,-0.6011404470237971,True,0.0007999200079992001
max_error:one_step_pva-vs-predicted_p,demand_stratum,low,position_max_abs_error,predicted_p,one_step_governed_pva_direct,candidate_minus_baseline,mean(candidate-baseline)/abs(mean(baseline)),True,True,defined,baseline_minus_candidate_lower_is_better,30,30,0,10000,20360824,0.95,0.09161919928770285,0.0916416027323354,0.03164112455508719,0.11195459949047445,0.014785960194142144,0.0073729435189264555,0.00606544302610918,0.010146488298850061,-0.07683323909356068,-0.10507651304561527,-0.053073284104011506,-0.8386150467467932,-0.9037299813735932,-0.770517655563691,0.07683323909356068,0.053073284104011506,0.10507651304561527,0.8386150467467932,0.770517655563691,0.9037299813735932,paired_cohen_dz_candidate_minus_baseline,-1.0436874579097841,-1.720202101008499,-0.7876736072869648,True,0.00019998000199980003
max_error:one_step_pva-vs-predicted_p,demand_stratum,medium,position_max_abs_error,predicted_p,one_step_governed_pva_direct,candidate_minus_baseline,mean(candidate-baseline)/abs(mean(baseline)),True,True,defined,baseline_minus_candidate_lower_is_better,30,30,0,10000,20360825,0.95,0.2758719483023037,0.24439376265926252,0.04281363021912247,0.3186241470735166,0.04898679409052608,0.019976988617033207,0.017103579495503368,0.029720475162354907,-0.2268851542117776,-0.32358875242126867,-0.14515443933696862,-0.822429230692039,-0.8940183152362898,-0.7351109801977485,0.2268851542117776,0.14515443933696862,0.32358875242126867,0.822429230692039,0.7351109801977485,0.8940183152362898,paired_cohen_dz_candidate_minus_baseline,-0.8863510310362862,-1.3825876408875148,-0.6718942994953403,True,9.999000099990002e-05
max_error:one_step_pva-vs-predicted_p,demand_stratum,near_limit,position_max_abs_error,predicted_p,one_step_governed_pva_direct,candidate_minus_baseline,mean(candidate-baseline)/abs(mean(baseline)),True,True,defined,baseline_minus_candidate_lower_is_better,30,30,0,10000,20360826,0.95,0.5074901850711533,0.41779734219014086,0.06311746422382492,0.5576451806640053,0.13182302282652855,0.03502436524208108,0.026239278518789322,0.04792383292279621,-0.3756671622446249,-0.517151801242381,-0.2493643571797771,-0.740245177730785,-0.8814627940593377,-0.5724081558199763,0.3756671622446249,0.2493643571797771,0.517151801242381,0.740245177730785,0.5724081558199763,0.8814627940593377,paired_cohen_dz_candidate_minus_baseline,-0.9999232347622691,-1.4319063571549908,-0.7468466144319269,True,9.999000099990002e-05
max_error:one_step_pva-vs-predicted_p,sample_rate_hz,100,position_max_abs_error,predicted_p,one_step_governed_pva_direct,candidate_minus_baseline,mean(candidate-baseline)/abs(mean(baseline)),True,True,defined,baseline_minus_candidate_lower_is_better,120,120,0,10000,20360824,0.95,0.3410133573888214,0.15898882366838157,0.04557709927786629,0.44471826386027213,0.06958851624429883,0.02259277035269381,0.010878694929298747,0.03744281732352528,-0.27142484114452253,-0.34135325570711783,-0.20829501725824093,-0.795936098289093,-0.8669347266192687,-0.7120145643163251,0.27142484114452253,0.20829501725824093,0.34135325570711783,0.795936098289093,0.7120145643163251,0.8669347266192687,paired_cohen_dz_candidate_minus_baseline,-0.7261702817712292,-0.9210028566625691,-0.6100605148070485,True,9.999000099990002e-05
lag:one_step_pva-vs-predicted_p,reference_family,boundary_grazing,lag_s,predicted_p,one_step_governed_pva_direct,candidate_minus_baseline,mean(candidate-baseline)/abs(mean(baseline)),True,True,defined,baseline_minus_candidate_lower_is_better,20,20,0,10000,20360922,0.95,0.03150000000000003,0.020000000000000018,0.020000000000000018,0.03750000000000003,0.03650000000000002,0.030000000000000027,0.020000000000000018,0.052500000000000026,0.004999999999999994,-0.0005000000000000109,0.010500000000000006,0.1587301587301584,-0.013162280701754816,0.3877551020408161,-0.004999999999999994,-0.010500000000000006,0.0005000000000000109,-0.1587301587301584,-0.3877551020408161,0.013162280701754816,paired_cohen_dz_candidate_minus_baseline,0.3793934553196631,-0.041982415260376424,0.8290233757194793,True,0.09619038096190381
lag:one_step_pva-vs-predicted_p,reference_family,oscillatory,lag_s,predicted_p,one_step_governed_pva_direct,candidate_minus_baseline,mean(candidate-baseline)/abs(mean(baseline)),True,False,point_defined_interval_undefined_bootstrap_baseline_mean_zero,baseline_minus_candidate_lower_is_better,20,20,0,10000,20360923,0.95,0.059999999999999984,0.40499999999999997,-0.21999999999999997,0.4975,0.029000000000000015,0.025000000000000022,-0.0025000000000000022,0.0675,-0.030999999999999972,-0.26051249999999987,0.227,-0.5166666666666664,,,0.030999999999999972,-0.227,0.26051249999999987,0.5166666666666664,,,paired_cohen_dz_candidate_minus_baseline,-0.05461969877004794,-0.6887949954864595,0.35919931778676806,True,0.8108189181081892
lag:one_step_pva-vs-predicted_p,reference_family,piecewise_constant_jerk,lag_s,predicted_p,one_step_governed_pva_direct,candidate_minus_baseline,mean(candidate-baseline)/abs(mean(baseline)),True,True,defined,baseline_minus_candidate_lower_is_better,20,20,0,10000,20360924,0.95,0.05550000000000003,0.05000000000000002,0.040000000000000036,0.06000000000000005,0.010000000000000009,0.010000000000000009,0.010000000000000009,0.010000000000000009,-0.04550000000000002,-0.0595,-0.034000000000000016,-0.8198198198198198,-0.8561151079136686,-0.7727272727272727,0.04550000000000002,0.034000000000000016,0.0595,0.8198198198198198,0.7727272727272727,0.8561151079136686,paired_cohen_dz_candidate_minus_baseline,-1.5168884501973796,-2.405517897918452,-1.2586620703537037,True,9.999000099990002e-05
lag:one_step_pva-vs-predicted_p,reference_family,rapid_reversal,lag_s,predicted_p,one_step_governed_pva_direct,candidate_minus_baseline,mean(candidate-baseline)/abs(mean(baseline)),True,True,defined,baseline_minus_candidate_lower_is_better,20,20,0,10000,20360925,0.95,0.1985,0.26,-0.21749999999999997,0.37749999999999995,0.5984999999999999,0.6100000000000001,0.525,0.8375,0.4,0.1274875000000001,0.6365124999999999,2.0151133501259446,0.3572041678875543,28.19327242524913,-0.4,-0.6365124999999999,-0.1274875000000001,-2.0151133501259446,-28.19327242524913,-0.3572041678875543,paired_cohen_dz_candidate_minus_baseline,0.663973522661675,0.17902766853777158,1.5817239780463483,True,0.0021997800219978004
lag:one_step_pva-vs-predicted_p,reference_family,stationary_endpoint,lag_s,predicted_p,one_step_governed_pva_direct,candidate_minus_baseline,mean(candidate-baseline)/abs(mean(baseline)),True,True,defined,baseline_minus_candidate_lower_is_better,20,20,0,10000,20360926,0.95,0.028000000000000018,0.020000000000000018,0.020000000000000018,0.030000000000000027,0.010000000000000009,0.010000000000000009,0.010000000000000009,0.010000000000000009,-0.01800000000000001,-0.028000000000000008,-0.01150000000000001,-0.6428571428571428,-0.7368421052631577,-0.5348837209302325,0.01800000000000001,0.01150000000000001,0.028000000000000008,0.6428571428571428,0.5348837209302325,0.7368421052631577,paired_cohen_dz_candidate_minus_baseline,-0.870705506366955,-3.1390956609551504,-0.7451139545028037,True,0.0008999100089991
lag:one_step_pva-vs-predicted_p,reference_family,stop_and_go,lag_s,predicted_p,one_step_governed_pva_direct,candidate_minus_baseline,mean(candidate-baseline)/abs(mean(baseline)),True,True,defined,baseline_minus_candidate_lower_is_better,20,20,0,10000,20360927,0.95,0.122,0.09500000000000001,0.0875,0.16500000000000004,0.010000000000000009,0.010000000000000009,0.010000000000000009,0.010000000000000009,-0.11200000000000002,-0.13799999999999998,-0.08800000000000001,-0.918032786885246,-0.9324324324324323,-0.8979591836734695,0.11200000000000002,0.08800000000000001,0.13799999999999998,0.918032786885246,0.8979591836734695,0.9324324324324323,paired_cohen_dz_candidate_minus_baseline,-1.9160443952218011,-2.531964939297151,-1.619199806131645,True,9.999000099990002e-05
lag:one_step_pva-vs-predicted_p,demand_stratum,high,lag_s,predicted_p,one_step_governed_pva_direct,candidate_minus_baseline,mean(candidate-baseline)/abs(mean(baseline)),True,True,defined,baseline_minus_candidate_lower_is_better,30,30,0,10000,20360923,0.95,0.17633333333333337,0.07999999999999999,0.020000000000000018,0.22999999999999998,0.11866666666666663,0.010000000000000009,0.010000000000000009,0.030000000000000027,-0.05766666666666666,-0.1463333333333333,0.039,-0.32703213610586,-0.7624462798818159,0.2549811878449849,0.05766666666666666,-0.039,0.1463333333333333,0.32703213610586,-0.2549811878449849,0.7624462798818159,paired_cohen_dz_candidate_minus_baseline,-0.21704532146533895,-0.8058071433675533,0.12413351276240607,True,0.23347665233476653
lag:one_step_pva-vs-predicted_p,demand_stratum,low,lag_s,predicted_p,one_step_governed_pva_direct,candidate_minus_baseline,mean(candidate-baseline)/abs(mean(baseline)),True,True,defined,baseline_minus_candidate_lower_is_better,30,30,0,10000,20360924,0.95,0.07066666666666668,0.045000000000000026,0.020000000000000018,0.1325,0.15366666666666662,0.010000000000000009,0.010000000000000009,0.05250000000000005,0.08300000000000003,-0.03533333333333332,0.22199999999999998,1.1745283018867927,-0.2814855836849507,33.52448512585812,-0.08300000000000003,-0.22199999999999998,0.03533333333333332,-1.1745283018867927,-33.52448512585812,0.2814855836849507,paired_cohen_dz_candidate_minus_baseline,0.22704771885157185,-0.14697690025010168,0.5085410945049902,True,0.2054794520547945
lag:one_step_pva-vs-predicted_p,demand_stratum,medium,lag_s,predicted_p,one_step_governed_pva_direct,candidate_minus_baseline,mean(candidate-baseline)/abs(mean(baseline)),True,True,defined,baseline_minus_candidate_lower_is_better,30,30,0,10000,20360925,0.95,0.03233333333333335,0.05,0.020000000000000018,0.08999999999999997,0.11199999999999997,0.010000000000000009,0.010000000000000009,0.03750000000000003,0.07966666666666664,-0.039674999999999926,0.21433333333333338,2.4639175257731933,-0.42354723707664876,59.60166666666634,-0.07966666666666664,-0.21433333333333338,0.039674999999999926,-2.4639175257731933,-59.60166666666634,0.42354723707664876,paired_cohen_dz_candidate_minus_baseline,0.22013099873610256,-0.17054338508399025,0.5003357698849006,True,0.22547745225477453
lag:one_step_pva-vs-predicted_p,demand_stratum,near_limit,lag_s,predicted_p,one_step_governed_pva_direct,candidate_minus_baseline,mean(candidate-baseline)/abs(mean(baseline)),True,True,defined,baseline_minus_candidate_lower_is_better,30,30,0,10000,20360926,0.95,0.05100000000000001,0.07000000000000006,0.020000000000000018,0.19749999999999998,0.0783333333333333,0.010000000000000009,0.010000000000000009,0.04750000000000002,0.027333333333333317,-0.13367499999999993,0.19066666666666665,0.5359477124183002,-1.7196910695742464,19.00166666666659,-0.027333333333333317,-0.19066666666666665,0.13367499999999993,-0.5359477124183002,-19.00166666666659,1.7196910695742464,paired_cohen_dz_candidate_minus_baseline,0.05823933331765113,-0.340970631559773,0.3917470062464845,True,0.7365263473652635
lag:one_step_pva-vs-predicted_p,sample_rate_hz,100,lag_s,predicted_p,one_step_governed_pva_direct,candidate_minus_baseline,mean(candidate-baseline)/abs(mean(baseline)),True,True,defined,baseline_minus_candidate_lower_is_better,120,120,0,10000,20360924,0.95,0.08258333333333333,0.05000000000000002,0.020000000000000018,0.1825,0.11566666666666664,0.010000000000000009,0.010000000000000009,0.04250000000000003,0.03308333333333332,-0.031666666666666655,0.10083541666666664,0.4006054490413722,-0.2750969077131969,3.592619916003524,-0.03308333333333332,-0.10083541666666664,0.031666666666666655,-0.4006054490413722,-3.592619916003524,0.2750969077131969,paired_cohen_dz_candidate_minus_baseline,0.08885585638099888,-0.09525280301846784,0.24891325078195228,True,0.3281671832816718
position:one_step_pva-vs-deployed_p_only,reference_family,boundary_grazing,position_rmse,deployed_p_only,one_step_governed_pva_direct,candidate_minus_baseline,mean(candidate-baseline)/abs(mean(baseline)),True,True,defined,baseline_minus_candidate_lower_is_better,20,20,0,10000,20361022,0.95,0.01817300378676706,0.018565696393523252,0.011232157044699879,0.02436591286606796,0.011326437917206547,0.011343223992849174,0.006522685696308289,0.01487073690589078,-0.006846565869560513,-0.00881428248195199,-0.005150320557531033,-0.3767437650866468,-0.4178558131964959,-0.3324525557664921,0.006846565869560513,0.005150320557531033,0.00881428248195199,0.3767437650866468,0.3324525557664921,0.4178558131964959,paired_cohen_dz_candidate_minus_baseline,-1.5840458018593584,-2.596908636731753,-1.3006865687248503,True,9.999000099990002e-05
position:one_step_pva-vs-deployed_p_only,reference_family,oscillatory,position_rmse,deployed_p_only,one_step_governed_pva_direct,candidate_minus_baseline,mean(candidate-baseline)/abs(mean(baseline)),True,True,defined,baseline_minus_candidate_lower_is_better,20,20,0,10000,20361023,0.95,0.5191176055874644,0.2749559320950997,0.11737459674410973,0.6618377460928802,0.16670210015511466,0.10491644985596069,0.022371362827310906,0.17019622624841474,-0.3524155054323497,-0.5072676887485655,-0.21638497497522444,-0.6788741156900955,-0.7997181461803816,-0.5662991037730059,0.3524155054323497,0.21638497497522444,0.5072676887485655,0.6788741156900955,0.5662991037730059,0.7997181461803816,paired_cohen_dz_candidate_minus_baseline,-1.0236681961106333,-1.4464295062724417,-0.784236203610802,True,0.00019998000199980003
position:one_step_pva-vs-deployed_p_only,reference_family,piecewise_constant_jerk,position_rmse,deployed_p_only,one_step_governed_pva_direct,candidate_minus_baseline,mean(candidate-baseline)/abs(mean(baseline)),True,True,defined,baseline_minus_candidate_lower_is_better,20,20,0,10000,20361024,0.95,0.14037822219080912,0.11263259850155846,0.06897001195575538,0.20118948660612765,0.014066398392080357,0.01414561967458804,0.00947769322497037,0.01958103486642572,-0.12631182379872874,-0.16414128890465138,-0.09000500169290282,-0.8997964344286921,-0.9178298652951518,-0.8747239923052136,0.12631182379872874,0.09000500169290282,0.16414128890465138,0.8997964344286921,0.8747239923052136,0.9178298652951518,paired_cohen_dz_candidate_minus_baseline,-1.4370376401243354,-1.9020775227751507,-1.1842916690286187,True,9.999000099990002e-05
position:one_step_pva-vs-deployed_p_only,reference_family,rapid_reversal,position_rmse,deployed_p_only,one_step_governed_pva_direct,candidate_minus_baseline,mean(candidate-baseline)/abs(mean(baseline)),True,True,defined,baseline_minus_candidate_lower_is_better,20,20,0,10000,20361025,0.95,0.025808868331572577,0.021246751398492466,0.0167863652051434,0.026074019123699558,0.027098445071287912,0.015010042827851813,0.005286894657690905,0.03954615467161304,0.0012895767397153417,-0.014424619066913927,0.016810559198779322,0.04996641941629704,-0.4474470266392088,0.7731331793700478,-0.0012895767397153417,-0.016810559198779322,0.014424619066913927,-0.04996641941629704,-0.7731331793700478,0.4474470266392088,paired_cohen_dz_candidate_minus_baseline,0.03540141733655731,-0.4293492676238386,0.4959576934810323,True,0.8703129687031297
position:one_step_pva-vs-deployed_p_only,reference_family,stationary_endpoint,position_rmse,deployed_p_only,one_step_governed_pva_direct,candidate_minus_baseline,mean(candidate-baseline)/abs(mean(baseline)),True,True,defined,baseline_minus_candidate_lower_is_better,20,20,0,10000,20361026,0.95,0.18436858704500758,0.18594868209762005,0.1029768330231039,0.2287980515570743,0.014079148157120382,0.01442202598448681,0.00947331898081644,0.019217895195284745,-0.17028943888788722,-0.21788822356523563,-0.12893563514982026,-0.9236358623625868,-0.9356204859915767,-0.9096350051576232,0.17028943888788722,0.12893563514982026,0.21788822356523563,0.9236358623625868,0.9096350051576232,0.9356204859915767,paired_cohen_dz_candidate_minus_baseline,-1.6377085471585908,-2.7105271116206047,-1.2389395073866558,True,9.999000099990002e-05
position:one_step_pva-vs-deployed_p_only,reference_family,stop_and_go,position_rmse,deployed_p_only,one_step_governed_pva_direct,candidate_minus_baseline,mean(candidate-baseline)/abs(mean(baseline)),True,True,defined,baseline_minus_candidate_lower_is_better,20,20,0,10000,20361027,0.95,0.1771855226230809,0.16574172385537622,0.1166625114198988,0.2537133964670105,0.007876229059785328,0.00834957628910736,0.004679485986560762,0.010851429747938665,-0.1693092935632956,-0.2078836079518981,-0.13178453392095285,-0.955548122988919,-0.9599277744040763,-0.9507694403995498,0.1693092935632956,0.13178453392095285,0.2078836079518981,0.955548122988919,0.9507694403995498,0.9599277744040763,paired_cohen_dz_candidate_minus_baseline,-1.8965070195436322,-2.743606492395466,-1.4622783452210886,True,9.999000099990002e-05
position:one_step_pva-vs-deployed_p_only,demand_stratum,high,position_rmse,deployed_p_only,one_step_governed_pva_direct,candidate_minus_baseline,mean(candidate-baseline)/abs(mean(baseline)),True,True,defined,baseline_minus_candidate_lower_is_better,30,30,0,10000,20361023,0.95,0.24623440845936606,0.17146194607426013,0.026270218140570536,0.2384176308008819,0.04819133350494021,0.01676425534956718,0.011266159632995392,0.020623656663062997,-0.19804307495442589,-0.3016593152643132,-0.11413514623973692,-0.8042867615193886,-0.8992851430945922,-0.69404264297227,0.19804307495442589,0.11413514623973692,0.3016593152643132,0.8042867615193886,0.69404264297227,0.8992851430945922,paired_cohen_dz_candidate_minus_baseline,-0.7315373726096966,-1.2409545962219013,-0.5837509831843462,True,0.00029997000299970003
position:one_step_pva-vs-deployed_p_only,demand_stratum,low,position_rmse,deployed_p_only,one_step_governed_pva_direct,candidate_minus_baseline,mean(candidate-baseline)/abs(mean(baseline)),True,True,defined,baseline_minus_candidate_lower_is_better,30,30,0,10000,20361024,0.95,0.046175070762713016,0.04549350591375252,0.016197919852595808,0.055936291108189706,0.008998049802872367,0.004494784079258804,0.003448156849131868,0.004967625287686662,-0.03717702095984065,-0.050571356054392724,-0.02563794511683572,-0.8051318676020652,-0.8927038707981697,-0.7190442071826144,0.03717702095984065,0.02563794511683572,0.050571356054392724,0.8051318676020652,0.7190442071826144,0.8927038707981697,paired_cohen_dz_candidate_minus_baseline,-1.0410536688613836,-1.7239477135364614,-0.7791339027378179,True,9.999000099990002e-05
position:one_step_pva-vs-deployed_p_only,demand_stratum,medium,position_rmse,deployed_p_only,one_step_governed_pva_direct,candidate_minus_baseline,mean(candidate-baseline)/abs(mean(baseline)),True,True,defined,baseline_minus_candidate_lower_is_better,30,30,0,10000,20361025,0.95,0.1413530307792364,0.12350366232600568,0.024586827606463246,0.19889224986863496,0.030457194586628458,0.011564302751001532,0.009361534477613481,0.017069224883323183,-0.11089583619260794,-0.15659099103155308,-0.07091550620959113,-0.7845310113357515,-0.8762822665036125,-0.6709906173581167,0.11089583619260794,0.07091550620959113,0.15659099103155308,0.7845310113357515,0.6709906173581167,0.8762822665036125,paired_cohen_dz_candidate_minus_baseline,-0.9227314924420202,-1.3747005470985354,-0.6864441655721213,True,9.999000099990002e-05
position:one_step_pva-vs-deployed_p_only,demand_stratum,near_limit,position_rmse,deployed_p_only,one_step_governed_pva_direct,candidate_minus_baseline,mean(candidate-baseline)/abs(mean(baseline)),True,True,defined,baseline_minus_candidate_lower_is_better,30,30,0,10000,20361026,0.95,0.2762586963751523,0.21713046621204973,0.03556451867283134,0.29616051878857635,0.07311926127395577,0.02126206499578065,0.01429531974708813,0.02682598907603791,-0.20313943510119653,-0.2820682867278574,-0.13267617163233283,-0.7353232233650242,-0.8682966319981572,-0.605674034308647,0.20313943510119653,0.13267617163233283,0.2820682867278574,0.7353232233650242,0.605674034308647,0.8682966319981572,paired_cohen_dz_candidate_minus_baseline,-0.9478162283329606,-1.3462510644955585,-0.7126231378767831,True,9.999000099990002e-05
position:one_step_pva-vs-deployed_p_only,sample_rate_hz,100,position_rmse,deployed_p_only,one_step_governed_pva_direct,candidate_minus_baseline,mean(candidate-baseline)/abs(mean(baseline)),True,True,defined,baseline_minus_candidate_lower_is_better,120,120,0,10000,20361024,0.95,0.17750530159411693,0.08001417243847474,0.02591109045417162,0.23269721587440262,0.04019145979209921,0.012630265385407118,0.005454743322113741,0.021517370168224925,-0.13731384180201775,-0.1736625082111628,-0.1055418094079727,-0.7735760034705845,-0.8431041607118474,-0.7006560459744494,0.13731384180201775,0.1055418094079727,0.1736625082111628,0.7735760034705845,0.7006560459744494,0.8431041607118474,paired_cohen_dz_candidate_minus_baseline,-0.7080341877777163,-0.8964471448545884,-0.5984011553581237,True,9.999000099990002e-05
position:one_step_pva-vs-raw_predicted_pv,reference_family,boundary_grazing,position_rmse,raw_predicted_pv,one_step_governed_pva_direct,candidate_minus_baseline,mean(candidate-baseline)/abs(mean(baseline)),True,True,defined,baseline_minus_candidate_lower_is_better,20,20,0,10000,20361122,0.95,0.018137392993271016,0.018545109117131083,0.011196421202095153,0.024334982997197913,0.011326437917206547,0.011343223992849174,0.006522685696308289,0.01487073690589078,-0.006810955076064463,-0.008775894601437939,-0.005125785840811824,-0.37552006942736105,-0.4168621397605363,-0.33173464363290495,0.006810955076064463,0.005125785840811824,0.008775894601437939,0.37552006942736105,0.33173464363290495,0.4168621397605363,paired_cohen_dz_candidate_minus_baseline,-1.579678257053625,-2.598191408808097,-1.302462927369987,True,9.999000099990002e-05
position:one_step_pva-vs-raw_predicted_pv,reference_family,oscillatory,position_rmse,raw_predicted_pv,one_step_governed_pva_direct,candidate_minus_baseline,mean(candidate-baseline)/abs(mean(baseline)),True,True,defined,baseline_minus_candidate_lower_is_better,20,20,0,10000,20361123,0.95,0.5193954581626596,0.2746001064795468,0.11733164952729629,0.6780079797855179,0.16670210015511466,0.10491644985596069,0.022371362827310906,0.17019622624841474,-0.352693358007545,-0.5114794010035236,-0.21559206074836013,-0.6790459032028956,-0.8000370099267042,-0.565527764460236,0.352693358007545,0.21559206074836013,0.5114794010035236,0.6790459032028956,0.565527764460236,0.8000370099267042,paired_cohen_dz_candidate_minus_baseline,-1.0232718838244657,-1.465313112965286,-0.7838082153365394,True,9.999000099990002e-05
position:one_step_pva-vs-raw_predicted_pv,reference_family,piecewise_constant_jerk,position_rmse,raw_predicted_pv,one_step_governed_pva_direct,candidate_minus_baseline,mean(candidate-baseline)/abs(mean(baseline)),True,True,defined,baseline_minus_candidate_lower_is_better,20,20,0,10000,20361124,0.95,0.13463695514590457,0.1008163418803006,0.06255937672921164,0.19015142106661653,0.014066398392080357,0.01414561967458804,0.00947769322497037,0.01958103486642572,-0.12057055675382419,-0.1598807608424048,-0.08492947910913258,-0.8955234959314344,-0.9155163102419619,-0.8669030667593858,0.12057055675382419,0.08492947910913258,0.1598807608424048,0.8955234959314344,0.8669030667593858,0.9155163102419619,paired_cohen_dz_candidate_minus_baseline,-1.37464982042994,-1.821953229098078,-1.1344342510474417,True,9.999000099990002e-05
position:one_step_pva-vs-raw_predicted_pv,reference_family,rapid_reversal,position_rmse,raw_predicted_pv,one_step_governed_pva_direct,candidate_minus_baseline,mean(candidate-baseline)/abs(mean(baseline)),True,True,defined,baseline_minus_candidate_lower_is_better,20,20,0,10000,20361125,0.95,0.025809745580517324,0.02125157988370655,0.016775466464355245,0.026082016573765694,0.027098445071287912,0.015010042827851813,0.005286894657690905,0.03954615467161304,0.0012886994907705973,-0.014781016614263781,0.017159580793896765,0.049930732046556146,-0.46079733831111247,0.7860520478561218,-0.0012886994907705973,-0.017159580793896765,0.014781016614263781,-0.049930732046556146,-0.7860520478561218,0.46079733831111247,paired_cohen_dz_candidate_minus_baseline,0.03538089306525095,-0.4349035566379417,0.5010754855235102,True,0.8692130786921308
position:one_step_pva-vs-raw_predicted_pv,reference_family,stationary_endpoint,position_rmse,raw_predicted_pv,one_step_governed_pva_direct,candidate_minus_baseline,mean(candidate-baseline)/abs(mean(baseline)),True,True,defined,baseline_minus_candidate_lower_is_better,20,20,0,10000,20361126,0.95,0.18144615194451177,0.18424017322312758,0.10151025766690897,0.22374236100046274,0.014079148157120382,0.01442202598448681,0.00947331898081644,0.019217895195284745,-0.1673670037873914,-0.21274357449524928,-0.12690986277494457,-0.9224059148885894,-0.9347131068363419,-0.9081057186825656,0.1673670037873914,0.12690986277494457,0.21274357449524928,0.9224059148885894,0.9081057186825656,0.9347131068363419,paired_cohen_dz_candidate_minus_baseline,-1.6490407929540527,-2.74974468995776,-1.2517245176744844,True,9.999000099990002e-05
position:one_step_pva-vs-raw_predicted_pv,reference_family,stop_and_go,position_rmse,raw_predicted_pv,one_step_governed_pva_direct,candidate_minus_baseline,mean(candidate-baseline)/abs(mean(baseline)),True,True,defined,baseline_minus_candidate_lower_is_better,20,20,0,10000,20361127,0.95,0.17605068212794023,0.1649528046742184,0.11598020205701973,0.2526064865810931,0.007876229059785328,0.00834957628910736,0.004679485986560762,0.010851429747938665,-0.1681744530681549,-0.20578660857721492,-0.13103132777136997,-0.9552615816957671,-0.9596721558239035,-0.9506433833565879,0.1681744530681549,0.13103132777136997,0.20578660857721492,0.9552615816957671,0.9506433833565879,0.9596721558239035,paired_cohen_dz_candidate_minus_baseline,-1.8974089306597361,-2.7558811742047897,-1.4718777061521586,True,9.999000099990002e-05
position:one_step_pva-vs-raw_predicted_pv,demand_stratum,high,position_rmse,raw_predicted_pv,one_step_governed_pva_direct,candidate_minus_baseline,mean(candidate-baseline)/abs(mean(baseline)),True,True,defined,baseline_minus_candidate_lower_is_better,30,30,0,10000,20361123,0.95,0.24516747215912774,0.1689761636391766,0.02626536439080296,0.2369535689289763,0.04819133350494021,0.01676425534956718,0.011266159632995392,0.020623656663062997,-0.19697613865418748,-0.30237219449048,-0.11253504903699833,-0.8034350434805588,-0.8988128671338717,-0.6922048078158307,0.19697613865418748,0.11253504903699833,0.30237219449048,0.8034350434805588,0.6922048078158307,0.8988128671338717,paired_cohen_dz_candidate_minus_baseline,-0.7250321364822916,-1.2279959549338684,-0.5766735750707435,True,0.0004999500049995
position:one_step_pva-vs-raw_predicted_pv,demand_stratum,low,position_rmse,raw_predicted_pv,one_step_governed_pva_direct,candidate_minus_baseline,mean(candidate-baseline)/abs(mean(baseline)),True,True,defined,baseline_minus_candidate_lower_is_better,30,30,0,10000,20361124,0.95,0.04565175996738326,0.045028471108792004,0.016194491989301597,0.05542160743257715,0.008998049802872367,0.004494784079258804,0.003448156849131868,0.004967625287686662,-0.03665371016451089,-0.05029285060247442,-0.024937725267048256,-0.8028980742626092,-0.8912578850213699,-0.7156764405109818,0.03665371016451089,0.024937725267048256,0.05029285060247442,0.8028980742626092,0.7156764405109818,0.8912578850213699,paired_cohen_dz_candidate_minus_baseline,-1.0303336958344025,-1.7052497032884615,-0.7707503860988096,True,9.999000099990002e-05
position:one_step_pva-vs-raw_predicted_pv,demand_stratum,medium,position_rmse,raw_predicted_pv,one_step_governed_pva_direct,candidate_minus_baseline,mean(candidate-baseline)/abs(mean(baseline)),True,True,defined,baseline_minus_candidate_lower_is_better,30,30,0,10000,20361125,0.95,0.13989357986206366,0.12261939968228364,0.02456467644259587,0.19774318829391405,0.030457194586628458,0.011564302751001532,0.009361534477613481,0.017069224883323183,-0.1094363852754352,-0.15429389981125718,-0.07036049374716935,-0.7822831139451893,-0.8751749228290827,-0.6698745610882653,0.1094363852754352,0.07036049374716935,0.15429389981125718,0.7822831139451893,0.6698745610882653,0.8751749228290827,paired_cohen_dz_candidate_minus_baseline,-0.9142997721962289,-1.3611202016382058,-0.6873520245164357,True,9.999000099990002e-05
position:one_step_pva-vs-raw_predicted_pv,demand_stratum,near_limit,position_rmse,raw_predicted_pv,one_step_governed_pva_direct,candidate_minus_baseline,mean(candidate-baseline)/abs(mean(baseline)),True,True,defined,baseline_minus_candidate_lower_is_better,30,30,0,10000,20361126,0.95,0.2729381119812951,0.21179104693240353,0.0355585275019796,0.29368412358493656,0.07311926127395577,0.02126206499578065,0.01429531974708813,0.02682598907603791,-0.19981885070733935,-0.28052501771677385,-0.12803069440907588,-0.7321031469618771,-0.8658120241673454,-0.6008580483434308,0.19981885070733935,0.12803069440907588,0.28052501771677385,0.7321031469618771,0.6008580483434308,0.8658120241673454,paired_cohen_dz_candidate_minus_baseline,-0.9347234657546708,-1.3287765260358602,-0.6956262426568901,True,9.999000099990002e-05
position:one_step_pva-vs-raw_predicted_pv,sample_rate_hz,100,position_rmse,raw_predicted_pv,one_step_governed_pva_direct,candidate_minus_baseline,mean(candidate-baseline)/abs(mean(baseline)),True,True,defined,baseline_minus_candidate_lower_is_better,120,120,0,10000,20361124,0.95,0.1759127309924674,0.07765822734785709,0.025322866867571465,0.23094515964818524,0.04019145979209921,0.012630265385407118,0.005454743322113741,0.021517370168224925,-0.13572127120036823,-0.17263053973036777,-0.1038416927391744,-0.7715261450075482,-0.8420499355138689,-0.6984616342836442,0.13572127120036823,0.1038416927391744,0.17263053973036777,0.7715261450075482,0.6984616342836442,0.8420499355138689,paired_cohen_dz_candidate_minus_baseline,-0.7003594343051018,-0.8800707482723739,-0.5924770717075658,True,9.999000099990002e-05
position:one_step_direct-vs-one_step_ruckig,reference_family,boundary_grazing,position_rmse,one_step_governed_pva_ruckig,one_step_governed_pva_direct,candidate_minus_baseline,mean(candidate-baseline)/abs(mean(baseline)),True,True,defined,baseline_minus_candidate_lower_is_better,20,20,0,10000,20361222,0.95,0.011326437870733213,0.01134322391299009,0.0065226857041951174,0.014870736931654211,0.011326437917206547,0.011343223992849174,0.006522685696308289,0.01487073690589078,4.647333507606932e-11,-3.3477694384351723e-10,5.762258938762658e-10,4.103084800928757e-09,-3.139133045723327e-08,4.752173128462651e-08,-4.647333507606932e-11,-5.762258938762658e-10,3.3477694384351723e-10,-4.103084800928757e-09,-4.752173128462651e-08,3.139133045723327e-08,paired_cohen_dz_candidate_minus_baseline,0.04253819743869957,-0.594716357123185,0.3538474273104634,True,0.8452154784521548
position:one_step_direct-vs-one_step_ruckig,reference_family,oscillatory,position_rmse,one_step_governed_pva_ruckig,one_step_governed_pva_direct,candidate_minus_baseline,mean(candidate-baseline)/abs(mean(baseline)),True,True,defined,baseline_minus_candidate_lower_is_better,20,20,0,10000,20361223,0.95,0.16670210022439855,0.10491644985595938,0.02237136275882153,0.17019622648297353,0.16670210015511466,0.10491644985596069,0.022371362827310906,0.17019622624841474,-6.928388533462143e-11,-2.31190377095766e-10,5.6438455435276075e-11,-4.1561495170941485e-10,-1.7671993389053778e-09,3.956073236802362e-10,6.928388533462143e-11,-5.6438455435276075e-11,2.31190377095766e-10,4.1561495170941485e-10,-3.956073236802362e-10,1.7671993389053778e-09,paired_cohen_dz_candidate_minus_baseline,-0.20802806474147914,-0.5246545278374257,0.3629807318958099,True,0.35126487351264873
position:one_step_direct-vs-one_step_ruckig,reference_family,piecewise_constant_jerk,position_rmse,one_step_governed_pva_ruckig,one_step_governed_pva_direct,candidate_minus_baseline,mean(candidate-baseline)/abs(mean(baseline)),True,True,defined,baseline_minus_candidate_lower_is_better,20,20,0,10000,20361224,0.95,0.014066398309939488,0.014145619678294547,0.00947769322495448,0.019581034508623404,0.014066398392080357,0.01414561967458804,0.00947769322497037,0.01958103486642572,8.214087261933234e-11,1.2354776414164748e-12,2.3270011536929112e-10,5.839509930647322e-09,9.121053995339043e-11,1.6849082282227918e-08,-8.214087261933234e-11,-2.3270011536929112e-10,-1.2354776414164748e-12,-5.839509930647322e-09,-1.6849082282227918e-08,-9.121053995339043e-11,paired_cohen_dz_candidate_minus_baseline,0.2612545957940808,0.16195573200452212,0.5144754905616508,True,0.0973902609739026
position:one_step_direct-vs-one_step_ruckig,reference_family,rapid_reversal,position_rmse,one_step_governed_pva_ruckig,one_step_governed_pva_direct,candidate_minus_baseline,mean(candidate-baseline)/abs(mean(baseline)),True,True,defined,baseline_minus_candidate_lower_is_better,20,20,0,10000,20361225,0.95,0.027098445086631007,0.015010043362880487,0.005286895317653392,0.03954615423893686,0.027098445071287912,0.015010042827851813,0.005286894657690905,0.03954615467161304,-1.5343088540127615e-11,-3.201868700031381e-10,3.412245550883392e-10,-5.661981154666735e-10,-1.334248278101966e-08,1.2690807693435208e-08,1.5343088540127615e-11,-3.412245550883392e-10,3.201868700031381e-10,5.661981154666735e-10,-1.2690807693435208e-08,1.334248278101966e-08,paired_cohen_dz_candidate_minus_baseline,-0.019808939696441485,-0.7050334961359701,0.3694510687584778,True,0.93000699930007
position:one_step_direct-vs-one_step_ruckig,reference_family,stationary_endpoint,position_rmse,one_step_governed_pva_ruckig,one_step_governed_pva_direct,candidate_minus_baseline,mean(candidate-baseline)/abs(mean(baseline)),True,True,defined,baseline_minus_candidate_lower_is_better,20,20,0,10000,20361226,0.95,0.014079148159620547,0.014422025984501251,0.009473318980835945,0.019217895197670372,0.014079148157120382,0.01442202598448681,0.00947331898081644,0.019217895195284745,-2.500164268323668e-12,-6.868753120534837e-12,-3.656501208586249e-14,-1.7757922851428043e-10,-4.693795418387877e-10,-2.7861277096897155e-12,2.500164268323668e-12,3.656501208586249e-14,6.868753120534837e-12,1.7757922851428043e-10,2.7861277096897155e-12,4.693795418387877e-10,paired_cohen_dz_candidate_minus_baseline,-0.2820802811496141,-0.5955122816517298,-0.2274809379818473,True,0.0887911208879112
position:one_step_direct-vs-one_step_ruckig,reference_family,stop_and_go,position_rmse,one_step_governed_pva_ruckig,one_step_governed_pva_direct,candidate_minus_baseline,mean(candidate-baseline)/abs(mean(baseline)),True,True,defined,baseline_minus_candidate_lower_is_better,20,20,0,10000,20361227,0.95,0.00787622907795409,0.008349576577854147,0.004679486529818571,0.010851429854487364,0.007876229059785328,0.00834957628910736,0.004679485986560762,0.010851429747938665,-1.8168763390481733e-11,-1.4485461289064516e-10,1.1102569460368431e-10,-2.3067845298376223e-09,-1.9785025205816267e-08,1.3727622769881761e-08,1.8168763390481733e-11,-1.1102569460368431e-10,1.4485461289064516e-10,2.3067845298376223e-09,-1.3727622769881761e-08,1.9785025205816267e-08,paired_cohen_dz_candidate_minus_baseline,-0.060702118034260455,-0.5207324212568448,0.37203412411134534,True,0.7791220877912208
position:one_step_direct-vs-one_step_ruckig,demand_stratum,high,position_rmse,one_step_governed_pva_ruckig,one_step_governed_pva_direct,candidate_minus_baseline,mean(candidate-baseline)/abs(mean(baseline)),True,True,defined,baseline_minus_candidate_lower_is_better,30,30,0,10000,20361223,0.95,0.048191333436594035,0.016764255349655637,0.01126615962282374,0.020623656311556424,0.04819133350494021,0.01676425534956718,0.011266159632995392,0.020623656663062997,6.834616553264006e-11,-9.663561477355382e-11,2.747344285735619e-10,1.4182252421498981e-09,-2.9435357778231946e-09,8.667286008515647e-09,-6.834616553264006e-11,-2.747344285735619e-10,9.663561477355382e-11,-1.4182252421498981e-09,-8.667286008515647e-09,2.9435357778231946e-09,paired_cohen_dz_candidate_minus_baseline,0.13007975280729875,-0.2739763616008636,0.3895600068818695,True,0.46755324467553244
position:one_step_direct-vs-one_step_ruckig,demand_stratum,low,position_rmse,one_step_governed_pva_ruckig,one_step_governed_pva_direct,candidate_minus_baseline,mean(candidate-baseline)/abs(mean(baseline)),True,True,defined,baseline_minus_candidate_lower_is_better,30,30,0,10000,20361224,0.95,0.008998049892413753,0.004494784079300915,0.0034481568484980266,0.004967625287686642,0.008998049802872367,0.004494784079258804,0.003448156849131868,0.004967625287686662,-8.954138170219154e-11,-1.870228797534474e-10,-1.3858757457963548e-11,-9.951198623346575e-09,-3.050790744697055e-08,-1.4637660164953233e-09,8.954138170219154e-11,1.3858757457963548e-11,1.870228797534474e-10,9.951198623346575e-09,1.4637660164953233e-09,3.050790744697055e-08,paired_cohen_dz_candidate_minus_baseline,-0.3633425047070712,-0.5633229696740154,-0.16225461928881424,True,0.039996000399960006
position:one_step_direct-vs-one_step_ruckig,demand_stratum,medium,position_rmse,one_step_governed_pva_ruckig,one_step_governed_pva_direct,candidate_minus_baseline,mean(candidate-baseline)/abs(mean(baseline)),True,True,defined,baseline_minus_candidate_lower_is_better,30,30,0,10000,20361225,0.95,0.03045719458070547,0.011564302751173915,0.00936153447749104,0.017069224755315644,0.030457194586628458,0.011564302751001532,0.009361534477613481,0.017069224883323183,5.922993750554865e-12,-1.3871231537386276e-10,1.7542659043294482e-10,1.9446944579416585e-10,-5.5456500689232394e-09,6.497372517620847e-09,-5.922993750554865e-12,-1.7542659043294482e-10,1.3871231537386276e-10,-1.9446944579416585e-10,-6.497372517620847e-09,5.5456500689232394e-09,paired_cohen_dz_candidate_minus_baseline,0.013412072270816703,-0.4160695414664882,0.3249557726405584,True,0.9419058094190581
position:one_step_direct-vs-one_step_ruckig,demand_stratum,near_limit,position_rmse,one_step_governed_pva_ruckig,one_step_governed_pva_direct,candidate_minus_baseline,mean(candidate-baseline)/abs(mean(baseline)),True,True,defined,baseline_minus_candidate_lower_is_better,30,30,0,10000,20361226,0.95,0.073119261243138,0.021262062855703215,0.01429531942066127,0.02682598918516388,0.07311926127395577,0.02126206499578065,0.01429531974708813,0.02682598907603791,3.0817759860228096e-11,-2.3752374260297085e-10,4.013416151253551e-10,4.214725277071948e-10,-4.4987859296172364e-09,8.527499299424234e-09,-3.0817759860228096e-11,-4.013416151253551e-10,2.3752374260297085e-10,-4.214725277071948e-10,-8.527499299424234e-09,4.4987859296172364e-09,paired_cohen_dz_candidate_minus_baseline,0.03372294159413738,-0.4839001193893383,0.2975894755013743,True,0.8479152084791521
position:one_step_direct-vs-one_step_ruckig,sample_rate_hz,100,position_rmse,one_step_governed_pva_ruckig,one_step_governed_pva_direct,candidate_minus_baseline,mean(candidate-baseline)/abs(mean(baseline)),True,True,defined,baseline_minus_candidate_lower_is_better,120,120,0,10000,20361224,0.95,0.04019145978821281,0.01263026513472474,0.005454743457006182,0.021517366986173223,0.04019145979209921,0.012630265385407118,0.005454743322113741,0.021517370168224925,3.886384360307869e-12,-9.073345571520612e-11,1.1231824851824287e-10,9.669677042802142e-11,-2.5888895229664104e-09,3.2063308868413005e-09,-3.886384360307869e-12,-1.1231824851824287e-10,9.073345571520612e-11,-9.669677042802142e-11,-3.2063308868413005e-09,2.5888895229664104e-09,paired_cohen_dz_candidate_minus_baseline,0.006699140163209397,-0.22874836046897715,0.1513741648165979,True,0.9437056294370563
position:jerk_qp_direct-vs-one_step_direct,reference_family,boundary_grazing,position_rmse,one_step_governed_pva_direct,jerk_qp_pva_direct,candidate_minus_baseline,mean(candidate-baseline)/abs(mean(baseline)),True,True,defined,baseline_minus_candidate_lower_is_better,20,20,0,10000,20361322,0.95,0.011326437917206547,0.011343223992849174,0.006522685696308289,0.01487073690589078,0.010169412786924181,0.00993677908273673,0.006173926983476519,0.013490845340765532,-0.001157025130282368,-0.0014614695433402694,-0.0008605399761676537,-0.10215260426445938,-0.11732432602284087,-0.08546330093000042,0.001157025130282368,0.0008605399761676537,0.0014614695433402694,0.10215260426445938,0.08546330093000042,0.11732432602284087,paired_cohen_dz_candidate_minus_baseline,-1.6461238696074303,-2.243696227132323,-1.3352179591766826,True,9.999000099990002e-05
position:jerk_qp_direct-vs-one_step_direct,reference_family,oscillatory,position_rmse,one_step_governed_pva_direct,jerk_qp_pva_direct,candidate_minus_baseline,mean(candidate-baseline)/abs(mean(baseline)),True,True,defined,baseline_minus_candidate_lower_is_better,20,20,0,10000,20361323,0.95,0.16670210015511466,0.10491644985596069,0.022371362827310906,0.17019622624841474,0.12737782281730636,0.09802577066701978,0.02004803874535873,0.16916315721669217,-0.039324277337808314,-0.0951700616340282,-0.0025267431226091634,-0.23589551242136397,-0.3550263501539642,-0.028479779856515577,0.039324277337808314,0.0025267431226091634,0.0951700616340282,0.23589551242136397,0.028479779856515577,0.3550263501539642,paired_cohen_dz_candidate_minus_baseline,-0.3483275275313179,-0.6049520937203594,-0.22918118239538018,True,0.06379362063793621
position:jerk_qp_direct-vs-one_step_direct,reference_family,piecewise_constant_jerk,position_rmse,one_step_governed_pva_direct,jerk_qp_pva_direct,candidate_minus_baseline,mean(candidate-baseline)/abs(mean(baseline)),True,True,defined,baseline_minus_candidate_lower_is_better,20,20,0,10000,20361324,0.95,0.014066398392080357,0.01414561967458804,0.00947769322497037,0.01958103486642572,0.014692603250112232,0.01585226887434498,0.010206792507817324,0.01966366003629478,0.0006262048580318771,-0.0001279425680012788,0.0013889383830217653,0.044517782063135794,-0.00916570916555354,0.1026367089427656,-0.0006262048580318771,-0.0013889383830217653,0.0001279425680012788,-0.044517782063135794,-0.1026367089427656,0.00916570916555354,paired_cohen_dz_candidate_minus_baseline,0.3547061300497159,-0.06745121132821169,1.0334134378109145,True,0.10268973102689731
position:jerk_qp_direct-vs-one_step_direct,reference_family,rapid_reversal,position_rmse,one_step_governed_pva_direct,jerk_qp_pva_direct,candidate_minus_baseline,mean(candidate-baseline)/abs(mean(baseline)),True,True,defined,baseline_minus_candidate_lower_is_better,20,20,0,10000,20361325,0.95,0.027098445071287912,0.015010042827851813,0.005286894657690905,0.03954615467161304,0.02516108732875715,0.01253749148161748,0.004854422534829433,0.03934822520448433,-0.0019373577425307702,-0.003117602771869436,-0.0009285333558558975,-0.07149331769532019,-0.0934260890720075,-0.04773794617389804,0.0019373577425307702,0.0009285333558558975,0.003117602771869436,0.07149331769532019,0.04773794617389804,0.0934260890720075,paired_cohen_dz_candidate_minus_baseline,-0.753512771306327,-1.1770427160881596,-0.5252986880850394,True,0.0010998900109989002
position:jerk_qp_direct-vs-one_step_direct,reference_family,stationary_endpoint,position_rmse,one_step_governed_pva_direct,jerk_qp_pva_direct,candidate_minus_baseline,mean(candidate-baseline)/abs(mean(baseline)),True,True,defined,baseline_minus_candidate_lower_is_better,20,20,0,10000,20361326,0.95,0.014079148157120382,0.01442202598448681,0.00947331898081644,0.019217895195284745,0.015323059872947315,0.01585303691077005,0.010694233515468865,0.02039278275677417,0.0012439117158269356,0.0009249237282066014,0.0016087838123127875,0.0883513478191392,0.07100900728386582,0.10865009002989115,-0.0012439117158269356,-0.0016087838123127875,-0.0009249237282066014,-0.0883513478191392,-0.10865009002989115,-0.07100900728386582,paired_cohen_dz_candidate_minus_baseline,1.5490725849036335,1.1840460386347527,2.6879564355107477,True,9.999000099990002e-05
position:jerk_qp_direct-vs-one_step_direct,reference_family,stop_and_go,position_rmse,one_step_governed_pva_direct,jerk_qp_pva_direct,candidate_minus_baseline,mean(candidate-baseline)/abs(mean(baseline)),True,True,defined,baseline_minus_candidate_lower_is_better,20,20,0,10000,20361327,0.95,0.007876229059785328,0.00834957628910736,0.004679485986560762,0.010851429747938665,0.006593843831088619,0.006710183099475968,0.004515592215624972,0.00900087097998871,-0.0012823852286967072,-0.0019065602287717883,-0.0007153395434336271,-0.16281715767312377,-0.2016859572980934,-0.11412173037177889,0.0012823852286967072,0.0007153395434336271,0.0019065602287717883,0.16281715767312377,0.11412173037177889,0.2016859572980934,paired_cohen_dz_candidate_minus_baseline,-0.9011286990742955,-1.3113009178507349,-0.6460991177668821,True,0.0004999500049995
position:jerk_qp_direct-vs-one_step_direct,demand_stratum,high,position_rmse,one_step_governed_pva_direct,jerk_qp_pva_direct,candidate_minus_baseline,mean(candidate-baseline)/abs(mean(baseline)),True,True,defined,baseline_minus_candidate_lower_is_better,30,30,0,10000,20361323,0.95,0.04819133350494021,0.01676425534956718,0.011266159632995392,0.020623656663062997,0.03880970147176192,0.018091470943156676,0.01003486578402445,0.019973242961731127,-0.009381632033178287,-0.025799797557426257,-0.0006275629268626778,-0.19467467178961864,-0.29281857639300296,-0.023788965041307192,0.009381632033178287,0.0006275629268626778,0.025799797557426257,0.19467467178961864,0.023788965041307192,0.29281857639300296,paired_cohen_dz_candidate_minus_baseline,-0.21670771136816516,-0.6253950776238,-0.19172132576861775,True,0.07739226077392261
position:jerk_qp_direct-vs-one_step_direct,demand_stratum,low,position_rmse,one_step_governed_pva_direct,jerk_qp_pva_direct,candidate_minus_baseline,mean(candidate-baseline)/abs(mean(baseline)),True,True,defined,baseline_minus_candidate_lower_is_better,30,30,0,10000,20361324,0.95,0.008998049802872367,0.004494784079258804,0.003448156849131868,0.004967625287686662,0.008618148336035391,0.004315262918635182,0.0029265725892372004,0.005310203614848926,-0.0003799014668369792,-0.001030589288596273,5.454467373894239e-05,-0.04222042277602272,-0.06938883531530235,0.01026799953223508,0.0003799014668369792,-5.454467373894239e-05,0.001030589288596273,0.04222042277602272,-0.01026799953223508,0.06938883531530235,paired_cohen_dz_candidate_minus_baseline,-0.23371651804734872,-0.46305481424945644,0.10043127300092881,True,0.16318368163183683
position:jerk_qp_direct-vs-one_step_direct,demand_stratum,medium,position_rmse,one_step_governed_pva_direct,jerk_qp_pva_direct,candidate_minus_baseline,mean(candidate-baseline)/abs(mean(baseline)),True,True,defined,baseline_minus_candidate_lower_is_better,30,30,0,10000,20361325,0.95,0.030457194586628458,0.011564302751001532,0.009361534477613481,0.017069224883323183,0.02856370860681268,0.012681348192256556,0.0081458254624335,0.015494137079816235,-0.0018934859798157753,-0.0053547301646235945,0.00031251019803773167,-0.06216875866325086,-0.11637109460237643,0.013977440292845585,0.0018934859798157753,-0.00031251019803773167,0.0053547301646235945,0.06216875866325086,-0.013977440292845585,0.11637109460237643,paired_cohen_dz_candidate_minus_baseline,-0.22130983319055966,-0.5662029714970855,0.10639934885027831,True,0.17948205179482052
position:jerk_qp_direct-vs-one_step_direct,demand_stratum,near_limit,position_rmse,one_step_governed_pva_direct,jerk_qp_pva_direct,candidate_minus_baseline,mean(candidate-baseline)/abs(mean(baseline)),True,True,defined,baseline_minus_candidate_lower_is_better,30,30,0,10000,20361326,0.95,0.07311926127395577,0.02126206499578065,0.01429531974708813,0.02682598907603791,0.05688699484348057,0.022795063279118448,0.012391885586412205,0.02722592204739931,-0.016232266430475185,-0.04789041681560815,0.000362635792358595,-0.22199713382849684,-0.3737032928148227,0.008358818127428284,0.016232266430475185,-0.000362635792358595,0.04789041681560815,0.22199713382849684,-0.008358818127428284,0.3737032928148227,paired_cohen_dz_candidate_minus_baseline,-0.1924558377162164,-0.4863868176722196,0.08407057804462571,True,0.16058394160583941
position:jerk_qp_direct-vs-one_step_direct,sample_rate_hz,100,position_rmse,one_step_governed_pva_direct,jerk_qp_pva_direct,candidate_minus_baseline,mean(candidate-baseline)/abs(mean(baseline)),True,True,defined,baseline_minus_candidate_lower_is_better,120,120,0,10000,20361324,0.95,0.04019145979209921,0.012630265385407118,0.005454743322113741,0.021517370168224925,0.03321963831452265,0.012632955374887959,0.005399215005101245,0.022393153328028798,-0.006971821477576555,-0.016694355420831416,-0.0007787288930502559,-0.173465246438923,-0.28152296542960725,-0.030117126745345033,0.006971821477576555,0.0007787288930502559,0.016694355420831416,0.173465246438923,0.030117126745345033,0.28152296542960725,paired_cohen_dz_candidate_minus_baseline,-0.14700029945012028,-0.29091092716428096,-0.10565108323308474,True,0.07079292070792921
position:jerk_qp_direct-vs-jerk_qp_ruckig,reference_family,boundary_grazing,position_rmse,jerk_qp_pva_ruckig,jerk_qp_pva_direct,candidate_minus_baseline,mean(candidate-baseline)/abs(mean(baseline)),True,True,defined,baseline_minus_candidate_lower_is_better,20,20,0,10000,20361422,0.95,0.01016941250083004,0.009936780962757318,0.006173927083900101,0.013490842507946294,0.010169412786924181,0.00993677908273673,0.006173926983476519,0.013490845340765532,2.860941407389905e-10,-3.8641287043923185e-10,9.71067135225765e-10,2.8132809119075382e-08,-4.175569505002227e-08,9.007374586767434e-08,-2.860941407389905e-10,-9.71067135225765e-10,3.8641287043923185e-10,-2.8132809119075382e-08,-9.007374586767434e-08,4.175569505002227e-08,paired_cohen_dz_candidate_minus_baseline,0.17678101059162352,-0.28747992583453663,0.6067120879509988,True,0.41585841415858416
position:jerk_qp_direct-vs-jerk_qp_ruckig,reference_family,oscillatory,position_rmse,jerk_qp_pva_ruckig,jerk_qp_pva_direct,candidate_minus_baseline,mean(candidate-baseline)/abs(mean(baseline)),True,True,defined,baseline_minus_candidate_lower_is_better,20,20,0,10000,20361423,0.95,0.1273778224037188,0.09802576760974671,0.020048038862620327,0.16916315710319796,0.12737782281730636,0.09802577066701978,0.02004803874535873,0.16916315721669217,4.135875539398523e-10,-6.945793332743633e-11,1.0666951255611493e-09,3.2469353466336033e-09,-6.566741649399149e-10,9.230527560095351e-09,-4.135875539398523e-10,-1.0666951255611493e-09,6.945793332743633e-11,-3.2469353466336033e-09,-9.230527560095351e-09,6.566741649399149e-10,paired_cohen_dz_candidate_minus_baseline,0.30373418564026683,-0.18234180401323088,0.5612755611767215,True,0.15608439156084392
position:jerk_qp_direct-vs-jerk_qp_ruckig,reference_family,piecewise_constant_jerk,position_rmse,jerk_qp_pva_ruckig,jerk_qp_pva_direct,candidate_minus_baseline,mean(candidate-baseline)/abs(mean(baseline)),True,True,defined,baseline_minus_candidate_lower_is_better,20,20,0,10000,20361424,0.95,0.014692603125771633,0.01585226751355897,0.010206792507811643,0.019663660321892013,0.014692603250112232,0.01585226887434498,0.010206792507817324,0.01966366003629478,1.2434060074964504e-10,-6.35428778453413e-11,4.314304818194176e-10,8.462802655544734e-09,-4.376740381701891e-09,3.0516924435731334e-08,-1.2434060074964504e-10,-4.314304818194176e-10,6.35428778453413e-11,-8.462802655544734e-09,-3.0516924435731334e-08,4.376740381701891e-09,paired_cohen_dz_candidate_minus_baseline,0.19287052155787096,-0.6067682004865921,0.4228540532477349,True,0.45285471452854714
position:jerk_qp_direct-vs-jerk_qp_ruckig,reference_family,rapid_reversal,position_rmse,jerk_qp_pva_ruckig,jerk_qp_pva_direct,candidate_minus_baseline,mean(candidate-baseline)/abs(mean(baseline)),True,True,defined,baseline_minus_candidate_lower_is_better,20,20,0,10000,20361425,0.95,0.025161087335542905,0.012537491398171037,0.004854422857703778,0.03934822547510646,0.02516108732875715,0.01253749148161748,0.004854422534829433,0.03934822520448433,-6.785752103451171e-12,-5.91916666625291e-10,5.53939270966702e-10,-2.69692323426163e-10,-2.8297749084094204e-08,2.4704645156493712e-08,6.785752103451171e-12,-5.53939270966702e-10,5.91916666625291e-10,2.69692323426163e-10,-2.4704645156493712e-08,2.8297749084094204e-08,paired_cohen_dz_candidate_minus_baseline,-0.00519396506578319,-0.43489734994023344,0.4640239623422968,True,0.9812018798120188
position:jerk_qp_direct-vs-jerk_qp_ruckig,reference_family,stationary_endpoint,position_rmse,jerk_qp_pva_ruckig,jerk_qp_pva_direct,candidate_minus_baseline,mean(candidate-baseline)/abs(mean(baseline)),True,True,defined,baseline_minus_candidate_lower_is_better,20,20,0,10000,20361426,0.95,0.015323059865950967,0.01585303691010504,0.01069423351485518,0.02039278275671862,0.015323059872947315,0.01585303691077005,0.010694233515468865,0.02039278275677417,6.996353279706269e-12,2.085761131951497e-13,2.045716179354534e-11,4.5658982872296356e-10,1.3286431672005942e-11,1.3994698359131662e-09,-6.996353279706269e-12,-2.045716179354534e-11,-2.085761131951497e-13,-4.5658982872296356e-10,-1.3994698359131662e-09,-1.3286431672005942e-11,paired_cohen_dz_candidate_minus_baseline,0.23376685758100788,0.23046133254161383,1.2809127252488812,True,0.07939206079392061
position:jerk_qp_direct-vs-jerk_qp_ruckig,reference_family,stop_and_go,position_rmse,jerk_qp_pva_ruckig,jerk_qp_pva_direct,candidate_minus_baseline,mean(candidate-baseline)/abs(mean(baseline)),True,True,defined,baseline_minus_candidate_lower_is_better,20,20,0,10000,20361427,0.95,0.006593843821478597,0.006710183099906375,0.004515592199086359,0.009000870989616001,0.006593843831088619,0.006710183099475968,0.004515592215624972,0.00900087097998871,9.610022174734445e-12,-5.622462120283711e-11,7.264396981686555e-11,1.4574233838282664e-09,-8.216847468775869e-09,1.1799771284349913e-08,-9.610022174734445e-12,-7.264396981686555e-11,5.622462120283711e-11,-1.4574233838282664e-09,-1.1799771284349913e-08,8.216847468775869e-09,paired_cohen_dz_candidate_minus_baseline,0.06377978088396247,-0.3668960838664513,0.5698330626560854,True,0.7674232576742326
position:jerk_qp_direct-vs-jerk_qp_ruckig,demand_stratum,high,position_rmse,jerk_qp_pva_ruckig,jerk_qp_pva_direct,candidate_minus_baseline,mean(candidate-baseline)/abs(mean(baseline)),True,True,defined,baseline_minus_candidate_lower_is_better,30,30,0,10000,20361423,0.95,0.03880970128269813,0.01809147094246008,0.01003486578723448,0.01997324305489891,0.03880970147176192,0.018091470943156676,0.01003486578402445,0.019973242961731127,1.8906379451015994e-10,-1.1956623715130935e-10,5.672703961862728e-10,4.871560157935228e-09,-3.3322009885198246e-09,2.2314828964159766e-08,-1.8906379451015994e-10,-5.672703961862728e-10,1.1956623715130935e-10,-4.871560157935228e-09,-2.2314828964159766e-08,3.3322009885198246e-09,paired_cohen_dz_candidate_minus_baseline,0.1885841566609962,-0.2783763452819176,0.43229001263528255,True,0.28977102289771023
position:jerk_qp_direct-vs-jerk_qp_ruckig,demand_stratum,low,position_rmse,jerk_qp_pva_ruckig,jerk_qp_pva_direct,candidate_minus_baseline,mean(candidate-baseline)/abs(mean(baseline)),True,True,defined,baseline_minus_candidate_lower_is_better,30,30,0,10000,20361424,0.95,0.008618148146542626,0.004315263121958179,0.002926572551224631,0.005310203614819069,0.008618148336035391,0.004315262918635182,0.0029265725892372004,0.005310203614848926,1.8949276414485794e-10,-2.0022264366952824e-11,4.807190029214053e-10,2.198764292777648e-08,-3.0885292245284686e-09,7.251327359548213e-08,-1.8949276414485794e-10,-4.807190029214053e-10,2.0022264366952824e-11,-2.198764292777648e-08,-7.251327359548213e-08,3.0885292245284686e-09,paired_cohen_dz_candidate_minus_baseline,0.2646650798243913,-0.0856120005814463,0.46818237453332673,True,0.13038696130386962
position:jerk_qp_direct-vs-jerk_qp_ruckig,demand_stratum,medium,position_rmse,jerk_qp_pva_ruckig,jerk_qp_pva_direct,candidate_minus_baseline,mean(candidate-baseline)/abs(mean(baseline)),True,True,defined,baseline_minus_candidate_lower_is_better,30,30,0,10000,20361425,0.95,0.02856370874277468,0.012681348191707863,0.00814582557399757,0.015494137489645642,0.02856370860681268,0.012681348192256556,0.0081458254624335,0.015494137079816235,-1.3596199250366185e-10,-5.967213467837976e-10,3.6339919850646855e-10,-4.759955849152609e-09,-3.0062363273756656e-08,1.179466880526059e-08,1.3596199250366185e-10,-3.6339919850646855e-10,5.967213467837976e-10,4.759955849152609e-09,-1.179466880526059e-08,3.0062363273756656e-08,paired_cohen_dz_candidate_minus_baseline,-0.09680581401753965,-0.4576790724881592,0.2257224253418575,True,0.5762423757624238
position:jerk_qp_direct-vs-jerk_qp_ruckig,demand_stratum,near_limit,position_rmse,jerk_qp_pva_ruckig,jerk_qp_pva_direct,candidate_minus_baseline,mean(candidate-baseline)/abs(mean(baseline)),True,True,defined,baseline_minus_candidate_lower_is_better,30,30,0,10000,20361426,0.95,0.05688699453017985,0.022795063362136242,0.012391885893728633,0.027225921619254738,0.05688699484348057,0.022795063279118448,0.012391885586412205,0.02722592204739931,3.133007130349622e-10,2.2979102340565968e-11,6.670647678660407e-10,5.507422489489211e-09,4.759093636527402e-10,1.3990006581675473e-08,-3.133007130349622e-10,-6.670647678660407e-10,-2.2979102340565968e-11,-5.507422489489211e-09,-1.3990006581675473e-08,-4.759093636527402e-10,paired_cohen_dz_candidate_minus_baseline,0.3424657347324699,0.05291078986102423,0.563156531371017,True,0.053594640535946404
position:jerk_qp_direct-vs-jerk_qp_ruckig,sample_rate_hz,100,position_rmse,jerk_qp_pva_ruckig,jerk_qp_pva_direct,candidate_minus_baseline,mean(candidate-baseline)/abs(mean(baseline)),True,True,defined,baseline_minus_candidate_lower_is_better,120,120,0,10000,20361424,0.95,0.03321963817554882,0.012632955391519388,0.0053992150050266065,0.02239315332648525,0.03321963831452265,0.012632955374887959,0.005399215005101245,0.022393153328028798,1.3897381979657956e-10,-3.908998299051372e-11,3.3276098957512515e-10,4.183483849588424e-09,-1.2819919797428926e-09,1.069081412398512e-08,-1.3897381979657956e-10,-3.3276098957512515e-10,3.908998299051372e-11,-4.183483849588424e-09,-1.069081412398512e-08,1.2819919797428926e-09,paired_cohen_dz_candidate_minus_baseline,0.13357170480066322,-0.04296693413171084,0.29265990929706037,True,0.14188581141885812
