trajectory_id,family,demand_stratum,baseline_method,candidate_method,baseline_position_rmse,candidate_position_rmse,candidate_minus_baseline_position_rmse,absolute_improvement,harmful,paired_value_available,formal_inference_status,required_trajectory_count,paired_trajectory_count,bootstrap_resamples,bootstrap_seed,confidence_level,overall_absolute_improvement,overall_absolute_improvement_ci_low,overall_absolute_improvement_ci_high,overall_relative_improvement,overall_relative_improvement_ci_low,overall_relative_improvement_ci_high,cohen_dz,unadjusted_p,primary_result_classification,confirmed_positive,practically_material,strongly_material,inconclusive,confirmed_harmful,max_error_guardrail_pass,lag_guardrail_pass,negative_or_harmful_row_retained
boundary_grazing__v4__test__000,boundary_grazing,low,one_step_governed_p_direct,one_step_governed_pva_direct,0.005059972437549459,0.0038410295512806567,-0.001218942886268802,0.001218942886268802,False,True,available,120,120,10000,2026072301,0.95,0.11088274139512694,0.0885905136096922,0.13513864379560364,0.8241228581049881,0.7827192996982065,0.8614461930812837,0.8459072390677459,1.0225490382996847e-15,strongly_material,True,True,True,False,False,True,False,False
boundary_grazing__v4__test__001,boundary_grazing,medium,one_step_governed_p_direct,one_step_governed_pva_direct,0.016150706576282352,0.008182670907709622,-0.00796803566857273,0.00796803566857273,False,True,available,120,120,10000,2026072301,0.95,0.11088274139512694,0.0885905136096922,0.13513864379560364,0.8241228581049881,0.7827192996982065,0.8614461930812837,0.8459072390677459,1.0225490382996847e-15,strongly_material,True,True,True,False,False,True,False,False
boundary_grazing__v4__test__002,boundary_grazing,high,one_step_governed_p_direct,one_step_governed_pva_direct,0.01927807254604267,0.013273148788245611,-0.006004923757797058,0.006004923757797058,False,True,available,120,120,10000,2026072301,0.95,0.11088274139512694,0.0885905136096922,0.13513864379560364,0.8241228581049881,0.7827192996982065,0.8614461930812837,0.8459072390677459,1.0225490382996847e-15,strongly_material,True,True,True,False,False,True,False,False
boundary_grazing__v4__test__003,boundary_grazing,near_limit,one_step_governed_p_direct,one_step_governed_pva_direct,0.04530119098458919,0.029975306275182318,-0.015325884709406875,0.015325884709406875,False,True,available,120,120,10000,2026072301,0.95,0.11088274139512694,0.0885905136096922,0.13513864379560364,0.8241228581049881,0.7827192996982065,0.8614461930812837,0.8459072390677459,1.0225490382996847e-15,strongly_material,True,True,True,False,False,True,False,False
boundary_grazing__v4__test__004,boundary_grazing,low,one_step_governed_p_direct,one_step_governed_pva_direct,0.005585291402736874,0.003499678903262218,-0.0020856124994746562,0.0020856124994746562,False,True,available,120,120,10000,2026072301,0.95,0.11088274139512694,0.0885905136096922,0.13513864379560364,0.8241228581049881,0.7827192996982065,0.8614461930812837,0.8459072390677459,1.0225490382996847e-15,strongly_material,True,True,True,False,False,True,False,False
boundary_grazing__v4__test__005,boundary_grazing,medium,one_step_governed_p_direct,one_step_governed_pva_direct,0.009809661661451134,0.007121965157913484,-0.0026876965035376506,0.0026876965035376506,False,True,available,120,120,10000,2026072301,0.95,0.11088274139512694,0.0885905136096922,0.13513864379560364,0.8241228581049881,0.7827192996982065,0.8614461930812837,0.8459072390677459,1.0225490382996847e-15,strongly_material,True,True,True,False,False,True,False,False
boundary_grazing__v4__test__006,boundary_grazing,high,one_step_governed_p_direct,one_step_governed_pva_direct,0.02773166429384193,0.021282507712820295,-0.006449156581021635,0.006449156581021635,False,True,available,120,120,10000,2026072301,0.95,0.11088274139512694,0.0885905136096922,0.13513864379560364,0.8241228581049881,0.7827192996982065,0.8614461930812837,0.8459072390677459,1.0225490382996847e-15,strongly_material,True,True,True,False,False,True,False,False
boundary_grazing__v4__test__007,boundary_grazing,near_limit,one_step_governed_p_direct,one_step_governed_pva_direct,0.03549249135631455,0.021126087989440805,-0.014366403366873743,0.014366403366873743,False,True,available,120,120,10000,2026072301,0.95,0.11088274139512694,0.0885905136096922,0.13513864379560364,0.8241228581049881,0.7827192996982065,0.8614461930812837,0.8459072390677459,1.0225490382996847e-15,strongly_material,True,True,True,False,False,True,False,False
boundary_grazing__v4__test__008,boundary_grazing,low,one_step_governed_p_direct,one_step_governed_pva_direct,0.00507815235086473,0.0034002246937671534,-0.001677927657097577,0.001677927657097577,False,True,available,120,120,10000,2026072301,0.95,0.11088274139512694,0.0885905136096922,0.13513864379560364,0.8241228581049881,0.7827192996982065,0.8614461930812837,0.8459072390677459,1.0225490382996847e-15,strongly_material,True,True,True,False,False,True,False,False
boundary_grazing__v4__test__009,boundary_grazing,medium,one_step_governed_p_direct,one_step_governed_pva_direct,0.010005871695641887,0.006856331019456588,-0.0031495406761852997,0.0031495406761852997,False,True,available,120,120,10000,2026072301,0.95,0.11088274139512694,0.0885905136096922,0.13513864379560364,0.8241228581049881,0.7827192996982065,0.8614461930812837,0.8459072390677459,1.0225490382996847e-15,strongly_material,True,True,True,False,False,True,False,False
boundary_grazing__v4__test__010,boundary_grazing,high,one_step_governed_p_direct,one_step_governed_pva_direct,0.028712581952930777,0.018151055931658756,-0.01056152602127202,0.01056152602127202,False,True,available,120,120,10000,2026072301,0.95,0.11088274139512694,0.0885905136096922,0.13513864379560364,0.8241228581049881,0.7827192996982065,0.8614461930812837,0.8459072390677459,1.0225490382996847e-15,strongly_material,True,True,True,False,False,True,False,False
boundary_grazing__v4__test__011,boundary_grazing,near_limit,one_step_governed_p_direct,one_step_governed_pva_direct,0.04001939836232731,0.020288455782082312,-0.019730942580245,0.019730942580245,False,True,available,120,120,10000,2026072301,0.95,0.11088274139512694,0.0885905136096922,0.13513864379560364,0.8241228581049881,0.7827192996982065,0.8614461930812837,0.8459072390677459,1.0225490382996847e-15,strongly_material,True,True,True,False,False,True,False,False
boundary_grazing__v4__test__012,boundary_grazing,low,one_step_governed_p_direct,one_step_governed_pva_direct,0.00970366868083066,0.006014348558606236,-0.0036893201222244236,0.0036893201222244236,False,True,available,120,120,10000,2026072301,0.95,0.11088274139512694,0.0885905136096922,0.13513864379560364,0.8241228581049881,0.7827192996982065,0.8614461930812837,0.8459072390677459,1.0225490382996847e-15,strongly_material,True,True,True,False,False,True,False,False
boundary_grazing__v4__test__013,boundary_grazing,medium,one_step_governed_p_direct,one_step_governed_pva_direct,0.008212861493984558,0.005970069415107066,-0.0022427920788774926,0.0022427920788774926,False,True,available,120,120,10000,2026072301,0.95,0.11088274139512694,0.0885905136096922,0.13513864379560364,0.8241228581049881,0.7827192996982065,0.8614461930812837,0.8459072390677459,1.0225490382996847e-15,strongly_material,True,True,True,False,False,True,False,False
boundary_grazing__v4__test__014,boundary_grazing,high,one_step_governed_p_direct,one_step_governed_pva_direct,0.018368196429532677,0.010210236679098643,-0.008157959750434034,0.008157959750434034,False,True,available,120,120,10000,2026072301,0.95,0.11088274139512694,0.0885905136096922,0.13513864379560364,0.8241228581049881,0.7827192996982065,0.8614461930812837,0.8459072390677459,1.0225490382996847e-15,strongly_material,True,True,True,False,False,True,False,False
boundary_grazing__v4__test__015,boundary_grazing,near_limit,one_step_governed_p_direct,one_step_governed_pva_direct,0.02272853704314874,0.016239715787465695,-0.0064888212556830464,0.0064888212556830464,False,True,available,120,120,10000,2026072301,0.95,0.11088274139512694,0.0885905136096922,0.13513864379560364,0.8241228581049881,0.7827192996982065,0.8614461930812837,0.8459072390677459,1.0225490382996847e-15,strongly_material,True,True,True,False,False,True,False,False
boundary_grazing__v4__test__016,boundary_grazing,low,one_step_governed_p_direct,one_step_governed_pva_direct,0.007389618498494798,0.005181684141390576,-0.002207934357104222,0.002207934357104222,False,True,available,120,120,10000,2026072301,0.95,0.11088274139512694,0.0885905136096922,0.13513864379560364,0.8241228581049881,0.7827192996982065,0.8614461930812837,0.8459072390677459,1.0225490382996847e-15,strongly_material,True,True,True,False,False,True,False,False
boundary_grazing__v4__test__017,boundary_grazing,medium,one_step_governed_p_direct,one_step_governed_pva_direct,0.027668465703316845,0.01633816252463703,-0.011330303178679814,0.011330303178679814,False,True,available,120,120,10000,2026072301,0.95,0.11088274139512694,0.0885905136096922,0.13513864379560364,0.8241228581049881,0.7827192996982065,0.8614461930812837,0.8459072390677459,1.0225490382996847e-15,strongly_material,True,True,True,False,False,True,False,False
boundary_grazing__v4__test__018,boundary_grazing,high,one_step_governed_p_direct,one_step_governed_pva_direct,0.027910849106085298,0.01621499474819043,-0.011695854357894869,0.011695854357894869,False,True,available,120,120,10000,2026072301,0.95,0.11088274139512694,0.0885905136096922,0.13513864379560364,0.8241228581049881,0.7827192996982065,0.8614461930812837,0.8459072390677459,1.0225490382996847e-15,strongly_material,True,True,True,False,False,True,False,False
boundary_grazing__v4__test__019,boundary_grazing,near_limit,one_step_governed_p_direct,one_step_governed_pva_direct,0.020617710957907105,0.014478078945627977,-0.006139632012279128,0.006139632012279128,False,True,available,120,120,10000,2026072301,0.95,0.11088274139512694,0.0885905136096922,0.13513864379560364,0.8241228581049881,0.7827192996982065,0.8614461930812837,0.8459072390677459,1.0225490382996847e-15,strongly_material,True,True,True,False,False,True,False,False
oscillatory__v4__test__000,oscillatory,low,one_step_governed_p_direct,one_step_governed_pva_direct,0.043744327497829756,0.023357269517476294,-0.02038705798035346,0.02038705798035346,False,True,available,120,120,10000,2026072301,0.95,0.11088274139512694,0.0885905136096922,0.13513864379560364,0.8241228581049881,0.7827192996982065,0.8614461930812837,0.8459072390677459,1.0225490382996847e-15,strongly_material,True,True,True,False,False,True,False,False
oscillatory__v4__test__001,oscillatory,medium,one_step_governed_p_direct,one_step_governed_pva_direct,0.17322836889167129,0.026636784775485332,-0.14659158411618595,0.14659158411618595,False,True,available,120,120,10000,2026072301,0.95,0.11088274139512694,0.0885905136096922,0.13513864379560364,0.8241228581049881,0.7827192996982065,0.8614461930812837,0.8459072390677459,1.0225490382996847e-15,strongly_material,True,True,True,False,False,True,False,False
oscillatory__v4__test__002,oscillatory,high,one_step_governed_p_direct,one_step_governed_pva_direct,0.08801807245953845,0.017580749562298464,-0.07043732289723999,0.07043732289723999,False,True,available,120,120,10000,2026072301,0.95,0.11088274139512694,0.0885905136096922,0.13513864379560364,0.8241228581049881,0.7827192996982065,0.8614461930812837,0.8459072390677459,1.0225490382996847e-15,strongly_material,True,True,True,False,False,True,False,False
oscillatory__v4__test__003,oscillatory,near_limit,one_step_governed_p_direct,one_step_governed_pva_direct,1.043532975389867,0.24067525519708519,-0.8028577201927818,0.8028577201927818,False,True,available,120,120,10000,2026072301,0.95,0.11088274139512694,0.0885905136096922,0.13513864379560364,0.8241228581049881,0.7827192996982065,0.8614461930812837,0.8459072390677459,1.0225490382996847e-15,strongly_material,True,True,True,False,False,True,False,False
oscillatory__v4__test__004,oscillatory,low,one_step_governed_p_direct,one_step_governed_pva_direct,0.08548688096155788,0.03692748740140203,-0.048559393560155845,0.048559393560155845,False,True,available,120,120,10000,2026072301,0.95,0.11088274139512694,0.0885905136096922,0.13513864379560364,0.8241228581049881,0.7827192996982065,0.8614461930812837,0.8459072390677459,1.0225490382996847e-15,strongly_material,True,True,True,False,False,True,False,False
oscillatory__v4__test__005,oscillatory,medium,one_step_governed_p_direct,one_step_governed_pva_direct,0.213461187490492,0.09402744668571938,-0.11943374080477262,0.11943374080477262,False,True,available,120,120,10000,2026072301,0.95,0.11088274139512694,0.0885905136096922,0.13513864379560364,0.8241228581049881,0.7827192996982065,0.8614461930812837,0.8459072390677459,1.0225490382996847e-15,strongly_material,True,True,True,False,False,True,False,False
oscillatory__v4__test__006,oscillatory,high,one_step_governed_p_direct,one_step_governed_pva_direct,0.1184717394968074,0.014202775817739752,-0.10426896367906764,0.10426896367906764,False,True,available,120,120,10000,2026072301,0.95,0.11088274139512694,0.0885905136096922,0.13513864379560364,0.8241228581049881,0.7827192996982065,0.8614461930812837,0.8459072390677459,1.0225490382996847e-15,strongly_material,True,True,True,False,False,True,False,False
oscillatory__v4__test__007,oscillatory,near_limit,one_step_governed_p_direct,one_step_governed_pva_direct,0.19791147253732788,0.02354176765306746,-0.17436970488426043,0.17436970488426043,False,True,available,120,120,10000,2026072301,0.95,0.11088274139512694,0.0885905136096922,0.13513864379560364,0.8241228581049881,0.7827192996982065,0.8614461930812837,0.8459072390677459,1.0225490382996847e-15,strongly_material,True,True,True,False,False,True,False,False
oscillatory__v4__test__008,oscillatory,low,one_step_governed_p_direct,one_step_governed_pva_direct,0.26509324544828994,0.04640850056243536,-0.21868474488585457,0.21868474488585457,False,True,available,120,120,10000,2026072301,0.95,0.11088274139512694,0.0885905136096922,0.13513864379560364,0.8241228581049881,0.7827192996982065,0.8614461930812837,0.8459072390677459,1.0225490382996847e-15,strongly_material,True,True,True,False,False,True,False,False
oscillatory__v4__test__009,oscillatory,medium,one_step_governed_p_direct,one_step_governed_pva_direct,0.16246429013064004,0.007909313875616424,-0.15455497625502362,0.15455497625502362,False,True,available,120,120,10000,2026072301,0.95,0.11088274139512694,0.0885905136096922,0.13513864379560364,0.8241228581049881,0.7827192996982065,0.8614461930812837,0.8459072390677459,1.0225490382996847e-15,strongly_material,True,True,True,False,False,True,False,False
oscillatory__v4__test__010,oscillatory,high,one_step_governed_p_direct,one_step_governed_pva_direct,0.8342277652654458,0.18753260340324673,-0.6466951618621991,0.6466951618621991,False,True,available,120,120,10000,2026072301,0.95,0.11088274139512694,0.0885905136096922,0.13513864379560364,0.8241228581049881,0.7827192996982065,0.8614461930812837,0.8459072390677459,1.0225490382996847e-15,strongly_material,True,True,True,False,False,True,False,False
oscillatory__v4__test__011,oscillatory,near_limit,one_step_governed_p_direct,one_step_governed_pva_direct,0.10004675901610093,0.009438735306369326,-0.0906080237097316,0.0906080237097316,False,True,available,120,120,10000,2026072301,0.95,0.11088274139512694,0.0885905136096922,0.13513864379560364,0.8241228581049881,0.7827192996982065,0.8614461930812837,0.8459072390677459,1.0225490382996847e-15,strongly_material,True,True,True,False,False,True,False,False
oscillatory__v4__test__012,oscillatory,low,one_step_governed_p_direct,one_step_governed_pva_direct,0.24128422578955736,0.05805169257374429,-0.18323253321581306,0.18323253321581306,False,True,available,120,120,10000,2026072301,0.95,0.11088274139512694,0.0885905136096922,0.13513864379560364,0.8241228581049881,0.7827192996982065,0.8614461930812837,0.8459072390677459,1.0225490382996847e-15,strongly_material,True,True,True,False,False,True,False,False
oscillatory__v4__test__013,oscillatory,medium,one_step_governed_p_direct,one_step_governed_pva_direct,0.16241780754935564,0.03812864116522581,-0.12428916638412983,0.12428916638412983,False,True,available,120,120,10000,2026072301,0.95,0.11088274139512694,0.0885905136096922,0.13513864379560364,0.8241228581049881,0.7827192996982065,0.8614461930812837,0.8459072390677459,1.0225490382996847e-15,strongly_material,True,True,True,False,False,True,False,False
oscillatory__v4__test__014,oscillatory,high,one_step_governed_p_direct,one_step_governed_pva_direct,0.10464165446476924,0.0289003652624745,-0.07574128920229474,0.07574128920229474,False,True,available,120,120,10000,2026072301,0.95,0.11088274139512694,0.0885905136096922,0.13513864379560364,0.8241228581049881,0.7827192996982065,0.8614461930812837,0.8459072390677459,1.0225490382996847e-15,strongly_material,True,True,True,False,False,True,False,False
oscillatory__v4__test__015,oscillatory,near_limit,one_step_governed_p_direct,one_step_governed_pva_direct,0.6223855335408779,0.20781142417488507,-0.4145741093659928,0.4145741093659928,False,True,available,120,120,10000,2026072301,0.95,0.11088274139512694,0.0885905136096922,0.13513864379560364,0.8241228581049881,0.7827192996982065,0.8614461930812837,0.8459072390677459,1.0225490382996847e-15,strongly_material,True,True,True,False,False,True,False,False
oscillatory__v4__test__016,oscillatory,low,one_step_governed_p_direct,one_step_governed_pva_direct,0.07369334411444774,0.02693783317719632,-0.046755510937251415,0.046755510937251415,False,True,available,120,120,10000,2026072301,0.95,0.11088274139512694,0.0885905136096922,0.13513864379560364,0.8241228581049881,0.7827192996982065,0.8614461930812837,0.8459072390677459,1.0225490382996847e-15,strongly_material,True,True,True,False,False,True,False,False
oscillatory__v4__test__017,oscillatory,medium,one_step_governed_p_direct,one_step_governed_pva_direct,0.2709475181452104,0.10607428139712628,-0.16487323674808413,0.16487323674808413,False,True,available,120,120,10000,2026072301,0.95,0.11088274139512694,0.0885905136096922,0.13513864379560364,0.8241228581049881,0.7827192996982065,0.8614461930812837,0.8459072390677459,1.0225490382996847e-15,strongly_material,True,True,True,False,False,True,False,False
oscillatory__v4__test__018,oscillatory,high,one_step_governed_p_direct,one_step_governed_pva_direct,0.057455076585510315,0.0050547265474373375,-0.052400350038072974,0.052400350038072974,False,True,available,120,120,10000,2026072301,0.95,0.11088274139512694,0.0885905136096922,0.13513864379560364,0.8241228581049881,0.7827192996982065,0.8614461930812837,0.8459072390677459,1.0225490382996847e-15,strongly_material,True,True,True,False,False,True,False,False
oscillatory__v4__test__019,oscillatory,near_limit,one_step_governed_p_direct,one_step_governed_pva_direct,0.13248382363091932,0.15859722037164664,0.026113396740727324,-0.026113396740727324,True,True,available,120,120,10000,2026072301,0.95,0.11088274139512694,0.0885905136096922,0.13513864379560364,0.8241228581049881,0.7827192996982065,0.8614461930812837,0.8459072390677459,1.0225490382996847e-15,strongly_material,True,True,True,False,False,True,False,True
piecewise_constant_jerk__v4__test__000,piecewise_constant_jerk,low,one_step_governed_p_direct,one_step_governed_pva_direct,0.02838563218662885,0.004898058901946098,-0.02348757328468275,0.02348757328468275,False,True,available,120,120,10000,2026072301,0.95,0.11088274139512694,0.0885905136096922,0.13513864379560364,0.8241228581049881,0.7827192996982065,0.8614461930812837,0.8459072390677459,1.0225490382996847e-15,strongly_material,True,True,True,False,False,True,False,False
piecewise_constant_jerk__v4__test__001,piecewise_constant_jerk,medium,one_step_governed_p_direct,one_step_governed_pva_direct,0.11988556070139952,0.008814202876696218,-0.1110713578247033,0.1110713578247033,False,True,available,120,120,10000,2026072301,0.95,0.11088274139512694,0.0885905136096922,0.13513864379560364,0.8241228581049881,0.7827192996982065,0.8614461930812837,0.8459072390677459,1.0225490382996847e-15,strongly_material,True,True,True,False,False,True,False,False
piecewise_constant_jerk__v4__test__002,piecewise_constant_jerk,high,one_step_governed_p_direct,one_step_governed_pva_direct,0.33396653796670667,0.012545655251927721,-0.3214208827147789,0.3214208827147789,False,True,available,120,120,10000,2026072301,0.95,0.11088274139512694,0.0885905136096922,0.13513864379560364,0.8241228581049881,0.7827192996982065,0.8614461930812837,0.8459072390677459,1.0225490382996847e-15,strongly_material,True,True,True,False,False,True,False,False
piecewise_constant_jerk__v4__test__003,piecewise_constant_jerk,near_limit,one_step_governed_p_direct,one_step_governed_pva_direct,0.15838799464786904,0.023346145844470097,-0.13504184880339895,0.13504184880339895,False,True,available,120,120,10000,2026072301,0.95,0.11088274139512694,0.0885905136096922,0.13513864379560364,0.8241228581049881,0.7827192996982065,0.8614461930812837,0.8459072390677459,1.0225490382996847e-15,strongly_material,True,True,True,False,False,True,False,False
piecewise_constant_jerk__v4__test__004,piecewise_constant_jerk,low,one_step_governed_p_direct,one_step_governed_pva_direct,0.04527415594634328,0.0043383413599159025,-0.04093581458642737,0.04093581458642737,False,True,available,120,120,10000,2026072301,0.95,0.11088274139512694,0.0885905136096922,0.13513864379560364,0.8241228581049881,0.7827192996982065,0.8614461930812837,0.8459072390677459,1.0225490382996847e-15,strongly_material,True,True,True,False,False,True,False,False
piecewise_constant_jerk__v4__test__005,piecewise_constant_jerk,medium,one_step_governed_p_direct,one_step_governed_pva_direct,0.07489801764554156,0.011294591816109093,-0.06360342582943247,0.06360342582943247,False,True,available,120,120,10000,2026072301,0.95,0.11088274139512694,0.0885905136096922,0.13513864379560364,0.8241228581049881,0.7827192996982065,0.8614461930812837,0.8459072390677459,1.0225490382996847e-15,strongly_material,True,True,True,False,False,True,False,False
piecewise_constant_jerk__v4__test__006,piecewise_constant_jerk,high,one_step_governed_p_direct,one_step_governed_pva_direct,0.13791342939692075,0.020525005388383217,-0.11738842400853754,0.11738842400853754,False,True,available,120,120,10000,2026072301,0.95,0.11088274139512694,0.0885905136096922,0.13513864379560364,0.8241228581049881,0.7827192996982065,0.8614461930812837,0.8459072390677459,1.0225490382996847e-15,strongly_material,True,True,True,False,False,True,False,False
piecewise_constant_jerk__v4__test__007,piecewise_constant_jerk,near_limit,one_step_governed_p_direct,one_step_governed_pva_direct,0.13340393668454192,0.02305260315652362,-0.1103513335280183,0.1103513335280183,False,True,available,120,120,10000,2026072301,0.95,0.11088274139512694,0.0885905136096922,0.13513864379560364,0.8241228581049881,0.7827192996982065,0.8614461930812837,0.8459072390677459,1.0225490382996847e-15,strongly_material,True,True,True,False,False,True,False,False
piecewise_constant_jerk__v4__test__008,piecewise_constant_jerk,low,one_step_governed_p_direct,one_step_governed_pva_direct,0.038080456970144796,0.004935656190243553,-0.03314480077990124,0.03314480077990124,False,True,available,120,120,10000,2026072301,0.95,0.11088274139512694,0.0885905136096922,0.13513864379560364,0.8241228581049881,0.7827192996982065,0.8614461930812837,0.8459072390677459,1.0225490382996847e-15,strongly_material,True,True,True,False,False,True,False,False
piecewise_constant_jerk__v4__test__009,piecewise_constant_jerk,medium,one_step_governed_p_direct,one_step_governed_pva_direct,0.10290457572134581,0.0113884341752833,-0.09151614154606251,0.09151614154606251,False,True,available,120,120,10000,2026072301,0.95,0.11088274139512694,0.0885905136096922,0.13513864379560364,0.8241228581049881,0.7827192996982065,0.8614461930812837,0.8459072390677459,1.0225490382996847e-15,strongly_material,True,True,True,False,False,True,False,False
piecewise_constant_jerk__v4__test__010,piecewise_constant_jerk,high,one_step_governed_p_direct,one_step_governed_pva_direct,0.1537398609649841,0.019111312092280286,-0.1346285488727038,0.1346285488727038,False,True,available,120,120,10000,2026072301,0.95,0.11088274139512694,0.0885905136096922,0.13513864379560364,0.8241228581049881,0.7827192996982065,0.8614461930812837,0.8459072390677459,1.0225490382996847e-15,strongly_material,True,True,True,False,False,True,False,False
piecewise_constant_jerk__v4__test__011,piecewise_constant_jerk,near_limit,one_step_governed_p_direct,one_step_governed_pva_direct,0.3972267787590811,0.029774952382958974,-0.3674518263761221,0.3674518263761221,False,True,available,120,120,10000,2026072301,0.95,0.11088274139512694,0.0885905136096922,0.13513864379560364,0.8241228581049881,0.7827192996982065,0.8614461930812837,0.8459072390677459,1.0225490382996847e-15,strongly_material,True,True,True,False,False,True,False,False
piecewise_constant_jerk__v4__test__012,piecewise_constant_jerk,low,one_step_governed_p_direct,one_step_governed_pva_direct,0.02691473608578635,0.004727965430080934,-0.022186770655705415,0.022186770655705415,False,True,available,120,120,10000,2026072301,0.95,0.11088274139512694,0.0885905136096922,0.13513864379560364,0.8241228581049881,0.7827192996982065,0.8614461930812837,0.8459072390677459,1.0225490382996847e-15,strongly_material,True,True,True,False,False,True,False,False
piecewise_constant_jerk__v4__test__013,piecewise_constant_jerk,medium,one_step_governed_p_direct,one_step_governed_pva_direct,0.07316703083398463,0.010712732931498289,-0.062454297902486335,0.062454297902486335,False,True,available,120,120,10000,2026072301,0.95,0.11088274139512694,0.0885905136096922,0.13513864379560364,0.8241228581049881,0.7827192996982065,0.8614461930812837,0.8459072390677459,1.0225490382996847e-15,strongly_material,True,True,True,False,False,True,False,False
piecewise_constant_jerk__v4__test__014,piecewise_constant_jerk,high,one_step_governed_p_direct,one_step_governed_pva_direct,0.1666723123569169,0.019095245669455228,-0.14757706668746168,0.14757706668746168,False,True,available,120,120,10000,2026072301,0.95,0.11088274139512694,0.0885905136096922,0.13513864379560364,0.8241228581049881,0.7827192996982065,0.8614461930812837,0.8459072390677459,1.0225490382996847e-15,strongly_material,True,True,True,False,False,True,False,False
piecewise_constant_jerk__v4__test__015,piecewise_constant_jerk,near_limit,one_step_governed_p_direct,one_step_governed_pva_direct,0.2316333380888754,0.022524030188958703,-0.2091093078999167,0.2091093078999167,False,True,available,120,120,10000,2026072301,0.95,0.11088274139512694,0.0885905136096922,0.13513864379560364,0.8241228581049881,0.7827192996982065,0.8614461930812837,0.8459072390677459,1.0225490382996847e-15,strongly_material,True,True,True,False,False,True,False,False
piecewise_constant_jerk__v4__test__016,piecewise_constant_jerk,low,one_step_governed_p_direct,one_step_governed_pva_direct,0.11714394382091463,0.0034251561886417792,-0.11371878763227285,0.11371878763227285,False,True,available,120,120,10000,2026072301,0.95,0.11088274139512694,0.0885905136096922,0.13513864379560364,0.8241228581049881,0.7827192996982065,0.8614461930812837,0.8459072390677459,1.0225490382996847e-15,strongly_material,True,True,True,False,False,True,False,False
piecewise_constant_jerk__v4__test__017,piecewise_constant_jerk,medium,one_step_governed_p_direct,one_step_governed_pva_direct,0.08605153151464755,0.011311157031187251,-0.0747403744834603,0.0747403744834603,False,True,available,120,120,10000,2026072301,0.95,0.11088274139512694,0.0885905136096922,0.13513864379560364,0.8241228581049881,0.7827192996982065,0.8614461930812837,0.8459072390677459,1.0225490382996847e-15,strongly_material,True,True,True,False,False,True,False,False
piecewise_constant_jerk__v4__test__018,piecewise_constant_jerk,high,one_step_governed_p_direct,one_step_governed_pva_direct,0.24826281825083563,0.017275251658437508,-0.2309875665923981,0.2309875665923981,False,True,available,120,120,10000,2026072301,0.95,0.11088274139512694,0.0885905136096922,0.13513864379560364,0.8241228581049881,0.7827192996982065,0.8614461930812837,0.8459072390677459,1.0225490382996847e-15,strongly_material,True,True,True,False,False,True,False,False
piecewise_constant_jerk__v4__test__019,piecewise_constant_jerk,near_limit,one_step_governed_p_direct,one_step_governed_pva_direct,0.18953437445082488,0.025527947049017865,-0.16400642740180701,0.16400642740180701,False,True,available,120,120,10000,2026072301,0.95,0.11088274139512694,0.0885905136096922,0.13513864379560364,0.8241228581049881,0.7827192996982065,0.8614461930812837,0.8459072390677459,1.0225490382996847e-15,strongly_material,True,True,True,False,False,True,False,False
rapid_reversal__v4__test__000,rapid_reversal,low,one_step_governed_p_direct,one_step_governed_pva_direct,0.007523940708597773,0.0063170516426386426,-0.0012068890659591306,0.0012068890659591306,False,True,available,120,120,10000,2026072301,0.95,0.11088274139512694,0.0885905136096922,0.13513864379560364,0.8241228581049881,0.7827192996982065,0.8614461930812837,0.8459072390677459,1.0225490382996847e-15,strongly_material,True,True,True,False,False,True,False,False
rapid_reversal__v4__test__001,rapid_reversal,medium,one_step_governed_p_direct,one_step_governed_pva_direct,0.060517238950510734,0.008199806565482533,-0.0523174323850282,0.0523174323850282,False,True,available,120,120,10000,2026072301,0.95,0.11088274139512694,0.0885905136096922,0.13513864379560364,0.8241228581049881,0.7827192996982065,0.8614461930812837,0.8459072390677459,1.0225490382996847e-15,strongly_material,True,True,True,False,False,True,False,False
rapid_reversal__v4__test__002,rapid_reversal,high,one_step_governed_p_direct,one_step_governed_pva_direct,0.0423303822433212,0.013099678742041748,-0.029230703501279456,0.029230703501279456,False,True,available,120,120,10000,2026072301,0.95,0.11088274139512694,0.0885905136096922,0.13513864379560364,0.8241228581049881,0.7827192996982065,0.8614461930812837,0.8459072390677459,1.0225490382996847e-15,strongly_material,True,True,True,False,False,True,False,False
rapid_reversal__v4__test__003,rapid_reversal,near_limit,one_step_governed_p_direct,one_step_governed_pva_direct,0.06164443349521355,0.0690768885590751,0.0074324550638615455,-0.0074324550638615455,True,True,available,120,120,10000,2026072301,0.95,0.11088274139512694,0.0885905136096922,0.13513864379560364,0.8241228581049881,0.7827192996982065,0.8614461930812837,0.8459072390677459,1.0225490382996847e-15,strongly_material,True,True,True,False,False,True,False,True
rapid_reversal__v4__test__004,rapid_reversal,low,one_step_governed_p_direct,one_step_governed_pva_direct,0.006331711089192232,0.001333144359778138,-0.0049985667294140945,0.0049985667294140945,False,True,available,120,120,10000,2026072301,0.95,0.11088274139512694,0.0885905136096922,0.13513864379560364,0.8241228581049881,0.7827192996982065,0.8614461930812837,0.8459072390677459,1.0225490382996847e-15,strongly_material,True,True,True,False,False,True,False,False
rapid_reversal__v4__test__005,rapid_reversal,medium,one_step_governed_p_direct,one_step_governed_pva_direct,0.02162021298162089,0.06234622836743272,0.04072601538581183,-0.04072601538581183,True,True,available,120,120,10000,2026072301,0.95,0.11088274139512694,0.0885905136096922,0.13513864379560364,0.8241228581049881,0.7827192996982065,0.8614461930812837,0.8459072390677459,1.0225490382996847e-15,strongly_material,True,True,True,False,False,True,False,True
rapid_reversal__v4__test__006,rapid_reversal,high,one_step_governed_p_direct,one_step_governed_pva_direct,0.041887489345243716,0.01295173191617177,-0.028935757429071944,0.028935757429071944,False,True,available,120,120,10000,2026072301,0.95,0.11088274139512694,0.0885905136096922,0.13513864379560364,0.8241228581049881,0.7827192996982065,0.8614461930812837,0.8459072390677459,1.0225490382996847e-15,strongly_material,True,True,True,False,False,True,False,False
rapid_reversal__v4__test__007,rapid_reversal,near_limit,one_step_governed_p_direct,one_step_governed_pva_direct,0.02911285260705997,0.10421214163125729,0.07509928902419732,-0.07509928902419732,True,True,available,120,120,10000,2026072301,0.95,0.11088274139512694,0.0885905136096922,0.13513864379560364,0.8241228581049881,0.7827192996982065,0.8614461930812837,0.8459072390677459,1.0225490382996847e-15,strongly_material,True,True,True,False,False,True,False,True
rapid_reversal__v4__test__008,rapid_reversal,low,one_step_governed_p_direct,one_step_governed_pva_direct,0.009772499491747418,0.007678400377082353,-0.002094099114665064,0.002094099114665064,False,True,available,120,120,10000,2026072301,0.95,0.11088274139512694,0.0885905136096922,0.13513864379560364,0.8241228581049881,0.7827192996982065,0.8614461930812837,0.8459072390677459,1.0225490382996847e-15,strongly_material,True,True,True,False,False,True,False,False
rapid_reversal__v4__test__009,rapid_reversal,medium,one_step_governed_p_direct,one_step_governed_pva_direct,0.04539176277077493,0.005857872322229147,-0.039533890448545786,0.039533890448545786,False,True,available,120,120,10000,2026072301,0.95,0.11088274139512694,0.0885905136096922,0.13513864379560364,0.8241228581049881,0.7827192996982065,0.8614461930812837,0.8459072390677459,1.0225490382996847e-15,strongly_material,True,True,True,False,False,True,False,False
rapid_reversal__v4__test__010,rapid_reversal,high,one_step_governed_p_direct,one_step_governed_pva_direct,0.030970622282653803,0.09031822150017466,0.05934759921752085,-0.05934759921752085,True,True,available,120,120,10000,2026072301,0.95,0.11088274139512694,0.0885905136096922,0.13513864379560364,0.8241228581049881,0.7827192996982065,0.8614461930812837,0.8459072390677459,1.0225490382996847e-15,strongly_material,True,True,True,False,False,True,False,True
rapid_reversal__v4__test__011,rapid_reversal,near_limit,one_step_governed_p_direct,one_step_governed_pva_direct,0.08589711913033177,0.015430766554004645,-0.07046635257632712,0.07046635257632712,False,True,available,120,120,10000,2026072301,0.95,0.11088274139512694,0.0885905136096922,0.13513864379560364,0.8241228581049881,0.7827192996982065,0.8614461930812837,0.8459072390677459,1.0225490382996847e-15,strongly_material,True,True,True,False,False,True,False,False
rapid_reversal__v4__test__012,rapid_reversal,low,one_step_governed_p_direct,one_step_governed_pva_direct,0.0059851821776298105,0.0013333893328989878,-0.004651792844730823,0.004651792844730823,False,True,available,120,120,10000,2026072301,0.95,0.11088274139512694,0.0885905136096922,0.13513864379560364,0.8241228581049881,0.7827192996982065,0.8614461930812837,0.8459072390677459,1.0225490382996847e-15,strongly_material,True,True,True,False,False,True,False,False
rapid_reversal__v4__test__013,rapid_reversal,medium,one_step_governed_p_direct,one_step_governed_pva_direct,0.026932192717206718,0.013122536145458651,-0.013809656571748067,0.013809656571748067,False,True,available,120,120,10000,2026072301,0.95,0.11088274139512694,0.0885905136096922,0.13513864379560364,0.8241228581049881,0.7827192996982065,0.8614461930812837,0.8459072390677459,1.0225490382996847e-15,strongly_material,True,True,True,False,False,True,False,False
rapid_reversal__v4__test__014,rapid_reversal,high,one_step_governed_p_direct,one_step_governed_pva_direct,0.030900369140215465,0.009429311980522425,-0.02147105715969304,0.02147105715969304,False,True,available,120,120,10000,2026072301,0.95,0.11088274139512694,0.0885905136096922,0.13513864379560364,0.8241228581049881,0.7827192996982065,0.8614461930812837,0.8459072390677459,1.0225490382996847e-15,strongly_material,True,True,True,False,False,True,False,False
rapid_reversal__v4__test__015,rapid_reversal,near_limit,one_step_governed_p_direct,one_step_governed_pva_direct,0.1154111956702003,0.012354002221417023,-0.10305719344878328,0.10305719344878328,False,True,available,120,120,10000,2026072301,0.95,0.11088274139512694,0.0885905136096922,0.13513864379560364,0.8241228581049881,0.7827192996982065,0.8614461930812837,0.8459072390677459,1.0225490382996847e-15,strongly_material,True,True,True,False,False,True,False,False
rapid_reversal__v4__test__016,rapid_reversal,low,one_step_governed_p_direct,one_step_governed_pva_direct,0.00638765922897837,0.0031278018300968766,-0.003259857398881493,0.003259857398881493,False,True,available,120,120,10000,2026072301,0.95,0.11088274139512694,0.0885905136096922,0.13513864379560364,0.8241228581049881,0.7827192996982065,0.8614461930812837,0.8459072390677459,1.0225490382996847e-15,strongly_material,True,True,True,False,False,True,False,False
rapid_reversal__v4__test__017,rapid_reversal,medium,one_step_governed_p_direct,one_step_governed_pva_direct,0.022409023662126645,0.0038325936939653657,-0.01857642996816128,0.01857642996816128,False,True,available,120,120,10000,2026072301,0.95,0.11088274139512694,0.0885905136096922,0.13513864379560364,0.8241228581049881,0.7827192996982065,0.8614461930812837,0.8459072390677459,1.0225490382996847e-15,strongly_material,True,True,True,False,False,True,False,False
rapid_reversal__v4__test__018,rapid_reversal,high,one_step_governed_p_direct,one_step_governed_pva_direct,0.021029959109257902,0.0060489467827619815,-0.01498101232649592,0.01498101232649592,False,True,available,120,120,10000,2026072301,0.95,0.11088274139512694,0.0885905136096922,0.13513864379560364,0.8241228581049881,0.7827192996982065,0.8614461930812837,0.8459072390677459,1.0225490382996847e-15,strongly_material,True,True,True,False,False,True,False,False
rapid_reversal__v4__test__019,rapid_reversal,near_limit,one_step_governed_p_direct,one_step_governed_pva_direct,0.09992714474458117,0.07485174405099158,-0.025075400693589586,0.025075400693589586,False,True,available,120,120,10000,2026072301,0.95,0.11088274139512694,0.0885905136096922,0.13513864379560364,0.8241228581049881,0.7827192996982065,0.8614461930812837,0.8459072390677459,1.0225490382996847e-15,strongly_material,True,True,True,False,False,True,False,False
stationary_endpoint__v4__test__000,stationary_endpoint,low,one_step_governed_p_direct,one_step_governed_pva_direct,0.041127153798799235,0.005011650628886461,-0.03611550316991277,0.03611550316991277,False,True,available,120,120,10000,2026072301,0.95,0.11088274139512694,0.0885905136096922,0.13513864379560364,0.8241228581049881,0.7827192996982065,0.8614461930812837,0.8459072390677459,1.0225490382996847e-15,strongly_material,True,True,True,False,False,True,False,False
stationary_endpoint__v4__test__001,stationary_endpoint,medium,one_step_governed_p_direct,one_step_governed_pva_direct,0.12871806990298607,0.011056026816881715,-0.11766204308610435,0.11766204308610435,False,True,available,120,120,10000,2026072301,0.95,0.11088274139512694,0.0885905136096922,0.13513864379560364,0.8241228581049881,0.7827192996982065,0.8614461930812837,0.8459072390677459,1.0225490382996847e-15,strongly_material,True,True,True,False,False,True,False,False
stationary_endpoint__v4__test__002,stationary_endpoint,high,one_step_governed_p_direct,one_step_governed_pva_direct,0.39422845983206367,0.01780666777683884,-0.37642179205522486,0.37642179205522486,False,True,available,120,120,10000,2026072301,0.95,0.11088274139512694,0.0885905136096922,0.13513864379560364,0.8241228581049881,0.7827192996982065,0.8614461930812837,0.8459072390677459,1.0225490382996847e-15,strongly_material,True,True,True,False,False,True,False,False
stationary_endpoint__v4__test__003,stationary_endpoint,near_limit,one_step_governed_p_direct,one_step_governed_pva_direct,0.22031987981213666,0.020878099230022523,-0.19944178058211415,0.19944178058211415,False,True,available,120,120,10000,2026072301,0.95,0.11088274139512694,0.0885905136096922,0.13513864379560364,0.8241228581049881,0.7827192996982065,0.8614461930812837,0.8459072390677459,1.0225490382996847e-15,strongly_material,True,True,True,False,False,True,False,False
stationary_endpoint__v4__test__004,stationary_endpoint,low,one_step_governed_p_direct,one_step_governed_pva_direct,0.06676677582008796,0.004833591952426788,-0.06193318386766117,0.06193318386766117,False,True,available,120,120,10000,2026072301,0.95,0.11088274139512694,0.0885905136096922,0.13513864379560364,0.8241228581049881,0.7827192996982065,0.8614461930812837,0.8459072390677459,1.0225490382996847e-15,strongly_material,True,True,True,False,False,True,False,False
stationary_endpoint__v4__test__005,stationary_endpoint,medium,one_step_governed_p_direct,one_step_governed_pva_direct,0.13114171104005973,0.011037550870055892,-0.12010416017000383,0.12010416017000383,False,True,available,120,120,10000,2026072301,0.95,0.11088274139512694,0.0885905136096922,0.13513864379560364,0.8241228581049881,0.7827192996982065,0.8614461930812837,0.8459072390677459,1.0225490382996847e-15,strongly_material,True,True,True,False,False,True,False,False
stationary_endpoint__v4__test__006,stationary_endpoint,high,one_step_governed_p_direct,one_step_governed_pva_direct,0.17429297380409614,0.018640703761244708,-0.15565227004285143,0.15565227004285143,False,True,available,120,120,10000,2026072301,0.95,0.11088274139512694,0.0885905136096922,0.13513864379560364,0.8241228581049881,0.7827192996982065,0.8614461930812837,0.8459072390677459,1.0225490382996847e-15,strongly_material,True,True,True,False,False,True,False,False
stationary_endpoint__v4__test__007,stationary_endpoint,near_limit,one_step_governed_p_direct,one_step_governed_pva_direct,0.2024776626665451,0.023172503118130024,-0.17930515954841508,0.17930515954841508,False,True,available,120,120,10000,2026072301,0.95,0.11088274139512694,0.0885905136096922,0.13513864379560364,0.8241228581049881,0.7827192996982065,0.8614461930812837,0.8459072390677459,1.0225490382996847e-15,strongly_material,True,True,True,False,False,True,False,False
stationary_endpoint__v4__test__008,stationary_endpoint,low,one_step_governed_p_direct,one_step_governed_pva_direct,0.05263458273469247,0.004912228874126489,-0.04772235386056598,0.04772235386056598,False,True,available,120,120,10000,2026072301,0.95,0.11088274139512694,0.0885905136096922,0.13513864379560364,0.8241228581049881,0.7827192996982065,0.8614461930812837,0.8459072390677459,1.0225490382996847e-15,strongly_material,True,True,True,False,False,True,False,False
stationary_endpoint__v4__test__009,stationary_endpoint,medium,one_step_governed_p_direct,one_step_governed_pva_direct,0.24290708734507888,0.011899884670684214,-0.23100720267439467,0.23100720267439467,False,True,available,120,120,10000,2026072301,0.95,0.11088274139512694,0.0885905136096922,0.13513864379560364,0.8241228581049881,0.7827192996982065,0.8614461930812837,0.8459072390677459,1.0225490382996847e-15,strongly_material,True,True,True,False,False,True,False,False
stationary_endpoint__v4__test__010,stationary_endpoint,high,one_step_governed_p_direct,one_step_governed_pva_direct,0.3124452414220543,0.01671228441475841,-0.2957329570072959,0.2957329570072959,False,True,available,120,120,10000,2026072301,0.95,0.11088274139512694,0.0885905136096922,0.13513864379560364,0.8241228581049881,0.7827192996982065,0.8614461930812837,0.8459072390677459,1.0225490382996847e-15,strongly_material,True,True,True,False,False,True,False,False
stationary_endpoint__v4__test__011,stationary_endpoint,near_limit,one_step_governed_p_direct,one_step_governed_pva_direct,0.4753100858795948,0.020817046604502426,-0.4544930392750923,0.4544930392750923,False,True,available,120,120,10000,2026072301,0.95,0.11088274139512694,0.0885905136096922,0.13513864379560364,0.8241228581049881,0.7827192996982065,0.8614461930812837,0.8459072390677459,1.0225490382996847e-15,strongly_material,True,True,True,False,False,True,False,False
stationary_endpoint__v4__test__012,stationary_endpoint,low,one_step_governed_p_direct,one_step_governed_pva_direct,0.06999874655334053,0.004378518120687697,-0.06562022843265283,0.06562022843265283,False,True,available,120,120,10000,2026072301,0.95,0.11088274139512694,0.0885905136096922,0.13513864379560364,0.8241228581049881,0.7827192996982065,0.8614461930812837,0.8459072390677459,1.0225490382996847e-15,strongly_material,True,True,True,False,False,True,False,False
stationary_endpoint__v4__test__013,stationary_endpoint,medium,one_step_governed_p_direct,one_step_governed_pva_direct,0.19177043767526106,0.0109846789786752,-0.18078575869658586,0.18078575869658586,False,True,available,120,120,10000,2026072301,0.95,0.11088274139512694,0.0885905136096922,0.13513864379560364,0.8241228581049881,0.7827192996982065,0.8614461930812837,0.8459072390677459,1.0225490382996847e-15,strongly_material,True,True,True,False,False,True,False,False
stationary_endpoint__v4__test__014,stationary_endpoint,high,one_step_governed_p_direct,one_step_governed_pva_direct,0.1830805221490575,0.018550061140326035,-0.16453046100873148,0.16453046100873148,False,True,available,120,120,10000,2026072301,0.95,0.11088274139512694,0.0885905136096922,0.13513864379560364,0.8241228581049881,0.7827192996982065,0.8614461930812837,0.8459072390677459,1.0225490382996847e-15,strongly_material,True,True,True,False,False,True,False,False
stationary_endpoint__v4__test__015,stationary_endpoint,near_limit,one_step_governed_p_direct,one_step_governed_pva_direct,0.25466108606164417,0.02071263954264169,-0.23394844651900248,0.23394844651900248,False,True,available,120,120,10000,2026072301,0.95,0.11088274139512694,0.0885905136096922,0.13513864379560364,0.8241228581049881,0.7827192996982065,0.8614461930812837,0.8459072390677459,1.0225490382996847e-15,strongly_material,True,True,True,False,False,True,False,False
stationary_endpoint__v4__test__016,stationary_endpoint,low,one_step_governed_p_direct,one_step_governed_pva_direct,0.056704662402343606,0.004883058592515855,-0.051821603809827754,0.051821603809827754,False,True,available,120,120,10000,2026072301,0.95,0.11088274139512694,0.0885905136096922,0.13513864379560364,0.8241228581049881,0.7827192996982065,0.8614461930812837,0.8459072390677459,1.0225490382996847e-15,strongly_material,True,True,True,False,False,True,False,False
stationary_endpoint__v4__test__017,stationary_endpoint,medium,one_step_governed_p_direct,one_step_governed_pva_direct,0.11013373910570656,0.011185032127806211,-0.09894870697790036,0.09894870697790036,False,True,available,120,120,10000,2026072301,0.95,0.11088274139512694,0.0885905136096922,0.13513864379560364,0.8241228581049881,0.7827192996982065,0.8614461930812837,0.8459072390677459,1.0225490382996847e-15,strongly_material,True,True,True,False,False,True,False,False
stationary_endpoint__v4__test__018,stationary_endpoint,high,one_step_governed_p_direct,one_step_governed_pva_direct,0.21460928249795486,0.018308685952934507,-0.19630059654502036,0.19630059654502036,False,True,available,120,120,10000,2026072301,0.95,0.11088274139512694,0.0885905136096922,0.13513864379560364,0.8241228581049881,0.7827192996982065,0.8614461930812837,0.8459072390677459,1.0225490382996847e-15,strongly_material,True,True,True,False,False,True,False,False
stationary_endpoint__v4__test__019,stationary_endpoint,near_limit,one_step_governed_p_direct,one_step_governed_pva_direct,0.40125208860444217,0.020414283447616127,-0.380837805156826,0.380837805156826,False,True,available,120,120,10000,2026072301,0.95,0.11088274139512694,0.0885905136096922,0.13513864379560364,0.8241228581049881,0.7827192996982065,0.8614461930812837,0.8459072390677459,1.0225490382996847e-15,strongly_material,True,True,True,False,False,True,False,False
stop_and_go__v4__test__000,stop_and_go,low,one_step_governed_p_direct,one_step_governed_pva_direct,0.06184833854476311,0.002293921694934678,-0.059554416849828436,0.059554416849828436,False,True,available,120,120,10000,2026072301,0.95,0.11088274139512694,0.0885905136096922,0.13513864379560364,0.8241228581049881,0.7827192996982065,0.8614461930812837,0.8459072390677459,1.0225490382996847e-15,strongly_material,True,True,True,False,False,True,False,False
stop_and_go__v4__test__001,stop_and_go,medium,one_step_governed_p_direct,one_step_governed_pva_direct,0.13570340715274634,0.005360547946228947,-0.1303428592065174,0.1303428592065174,False,True,available,120,120,10000,2026072301,0.95,0.11088274139512694,0.0885905136096922,0.13513864379560364,0.8241228581049881,0.7827192996982065,0.8614461930812837,0.8459072390677459,1.0225490382996847e-15,strongly_material,True,True,True,False,False,True,False,False
stop_and_go__v4__test__002,stop_and_go,high,one_step_governed_p_direct,one_step_governed_pva_direct,0.18442566095258758,0.011024336578666331,-0.17340132437392125,0.17340132437392125,False,True,available,120,120,10000,2026072301,0.95,0.11088274139512694,0.0885905136096922,0.13513864379560364,0.8241228581049881,0.7827192996982065,0.8614461930812837,0.8459072390677459,1.0225490382996847e-15,strongly_material,True,True,True,False,False,True,False,False
stop_and_go__v4__test__003,stop_and_go,near_limit,one_step_governed_p_direct,one_step_governed_pva_direct,0.21980920322367783,0.010725189990124007,-0.20908401323355383,0.20908401323355383,False,True,available,120,120,10000,2026072301,0.95,0.11088274139512694,0.0885905136096922,0.13513864379560364,0.8241228581049881,0.7827192996982065,0.8614461930812837,0.8459072390677459,1.0225490382996847e-15,strongly_material,True,True,True,False,False,True,False,False
stop_and_go__v4__test__004,stop_and_go,low,one_step_governed_p_direct,one_step_governed_pva_direct,0.054423273587117606,0.0021496175740795486,-0.05227365601303806,0.05227365601303806,False,True,available,120,120,10000,2026072301,0.95,0.11088274139512694,0.0885905136096922,0.13513864379560364,0.8241228581049881,0.7827192996982065,0.8614461930812837,0.8459072390677459,1.0225490382996847e-15,strongly_material,True,True,True,False,False,True,False,False
stop_and_go__v4__test__005,stop_and_go,medium,one_step_governed_p_direct,one_step_governed_pva_direct,0.11455370470425513,0.0062319730342606065,-0.10832173166999452,0.10832173166999452,False,True,available,120,120,10000,2026072301,0.95,0.11088274139512694,0.0885905136096922,0.13513864379560364,0.8241228581049881,0.7827192996982065,0.8614461930812837,0.8459072390677459,1.0225490382996847e-15,strongly_material,True,True,True,False,False,True,False,False
stop_and_go__v4__test__006,stop_and_go,high,one_step_governed_p_direct,one_step_governed_pva_direct,0.19794460737843664,0.008041554834644046,-0.18990305254379258,0.18990305254379258,False,True,available,120,120,10000,2026072301,0.95,0.11088274139512694,0.0885905136096922,0.13513864379560364,0.8241228581049881,0.7827192996982065,0.8614461930812837,0.8459072390677459,1.0225490382996847e-15,strongly_material,True,True,True,False,False,True,False,False
stop_and_go__v4__test__007,stop_and_go,near_limit,one_step_governed_p_direct,one_step_governed_pva_direct,0.2132445212494906,0.01152485821453829,-0.20171966303495228,0.20171966303495228,False,True,available,120,120,10000,2026072301,0.95,0.11088274139512694,0.0885905136096922,0.13513864379560364,0.8241228581049881,0.7827192996982065,0.8614461930812837,0.8459072390677459,1.0225490382996847e-15,strongly_material,True,True,True,False,False,True,False,False
stop_and_go__v4__test__008,stop_and_go,low,one_step_governed_p_direct,one_step_governed_pva_direct,0.05998030596571972,0.0034399685382881066,-0.056540337427431614,0.056540337427431614,False,True,available,120,120,10000,2026072301,0.95,0.11088274139512694,0.0885905136096922,0.13513864379560364,0.8241228581049881,0.7827192996982065,0.8614461930812837,0.8459072390677459,1.0225490382996847e-15,strongly_material,True,True,True,False,False,True,False,False
stop_and_go__v4__test__009,stop_and_go,medium,one_step_governed_p_direct,one_step_governed_pva_direct,0.12221706697831745,0.007302088152956143,-0.11491497882536131,0.11491497882536131,False,True,available,120,120,10000,2026072301,0.95,0.11088274139512694,0.0885905136096922,0.13513864379560364,0.8241228581049881,0.7827192996982065,0.8614461930812837,0.8459072390677459,1.0225490382996847e-15,strongly_material,True,True,True,False,False,True,False,False
stop_and_go__v4__test__010,stop_and_go,high,one_step_governed_p_direct,one_step_governed_pva_direct,0.23857365743876902,0.008750890784667014,-0.229822766654102,0.229822766654102,False,True,available,120,120,10000,2026072301,0.95,0.11088274139512694,0.0885905136096922,0.13513864379560364,0.8241228581049881,0.7827192996982065,0.8614461930812837,0.8459072390677459,1.0225490382996847e-15,strongly_material,True,True,True,False,False,True,False,False
stop_and_go__v4__test__011,stop_and_go,near_limit,one_step_governed_p_direct,one_step_governed_pva_direct,0.27262025777128635,0.010345278810628493,-0.2622749789606579,0.2622749789606579,False,True,available,120,120,10000,2026072301,0.95,0.11088274139512694,0.0885905136096922,0.13513864379560364,0.8241228581049881,0.7827192996982065,0.8614461930812837,0.8459072390677459,1.0225490382996847e-15,strongly_material,True,True,True,False,False,True,False,False
stop_and_go__v4__test__012,stop_and_go,low,one_step_governed_p_direct,one_step_governed_pva_direct,0.0463005739504116,0.002395375714093141,-0.04390519823631846,0.04390519823631846,False,True,available,120,120,10000,2026072301,0.95,0.11088274139512694,0.0885905136096922,0.13513864379560364,0.8241228581049881,0.7827192996982065,0.8614461930812837,0.8459072390677459,1.0225490382996847e-15,strongly_material,True,True,True,False,False,True,False,False
stop_and_go__v4__test__013,stop_and_go,medium,one_step_governed_p_direct,one_step_governed_pva_direct,0.1735823199352921,0.009412998419352149,-0.16416932151593996,0.16416932151593996,False,True,available,120,120,10000,2026072301,0.95,0.11088274139512694,0.0885905136096922,0.13513864379560364,0.8241228581049881,0.7827192996982065,0.8614461930812837,0.8459072390677459,1.0225490382996847e-15,strongly_material,True,True,True,False,False,True,False,False
stop_and_go__v4__test__014,stop_and_go,high,one_step_governed_p_direct,one_step_governed_pva_direct,0.1917353830902861,0.00810173664818275,-0.18363364644210334,0.18363364644210334,False,True,available,120,120,10000,2026072301,0.95,0.11088274139512694,0.0885905136096922,0.13513864379560364,0.8241228581049881,0.7827192996982065,0.8614461930812837,0.8459072390677459,1.0225490382996847e-15,strongly_material,True,True,True,False,False,True,False,False
stop_and_go__v4__test__015,stop_and_go,near_limit,one_step_governed_p_direct,one_step_governed_pva_direct,0.22274960237168162,0.010542231354285357,-0.21220737101739626,0.21220737101739626,False,True,available,120,120,10000,2026072301,0.95,0.11088274139512694,0.0885905136096922,0.13513864379560364,0.8241228581049881,0.7827192996982065,0.8614461930812837,0.8459072390677459,1.0225490382996847e-15,strongly_material,True,True,True,False,False,True,False,False
stop_and_go__v4__test__016,stop_and_go,low,one_step_governed_p_direct,one_step_governed_pva_direct,0.06361023493119135,0.002343085665162522,-0.061267149266028824,0.061267149266028824,False,True,available,120,120,10000,2026072301,0.95,0.11088274139512694,0.0885905136096922,0.13513864379560364,0.8241228581049881,0.7827192996982065,0.8614461930812837,0.8459072390677459,1.0225490382996847e-15,strongly_material,True,True,True,False,False,True,False,False
stop_and_go__v4__test__017,stop_and_go,medium,one_step_governed_p_direct,one_step_governed_pva_direct,0.1370934819988273,0.005385653913388917,-0.13170782808543838,0.13170782808543838,False,True,available,120,120,10000,2026072301,0.95,0.11088274139512694,0.0885905136096922,0.13513864379560364,0.8241228581049881,0.7827192996982065,0.8614461930812837,0.8459072390677459,1.0225490382996847e-15,strongly_material,True,True,True,False,False,True,False,False
stop_and_go__v4__test__018,stop_and_go,high,one_step_governed_p_direct,one_step_governed_pva_direct,0.2227397882132728,0.012817025171320873,-0.20992276304195193,0.20992276304195193,False,True,available,120,120,10000,2026072301,0.95,0.11088274139512694,0.0885905136096922,0.13513864379560364,0.8241228581049881,0.7827192996982065,0.8614461930812837,0.8459072390677459,1.0225490382996847e-15,strongly_material,True,True,True,False,False,True,False,False
stop_and_go__v4__test__019,stop_and_go,near_limit,one_step_governed_p_direct,one_step_governed_pva_direct,0.27057806488338815,0.010264920733394313,-0.26031314414999385,0.26031314414999385,False,True,available,120,120,10000,2026072301,0.95,0.11088274139512694,0.0885905136096922,0.13513864379560364,0.8241228581049881,0.7827192996982065,0.8614461930812837,0.8459072390677459,1.0225490382996847e-15,strongly_material,True,True,True,False,False,True,False,False
