scenario_id,method,position_rmse
ar08_0.0001,deployed_p_only,0.006870042831550852
ar08_0.0001,deployed_p_only,0.009396821083668705
ar08_0.0001,deployed_p_only,0.01628479283893016
ar08_0.0001,deployed_p_only,0.018623483313080662
ar08_0.0001,deployed_p_only,0.01948214832999308
ar08_0.0001,deployed_p_only,0.025163404932714045
ar08_0.0001,deployed_p_only,0.026078179863435913
ar08_0.0001,deployed_p_only,0.034071748380167466
ar08_0.0001,deployed_p_only,0.03425494315303092
ar08_0.0001,deployed_p_only,0.045893574770251605
ar08_0.0001,deployed_p_only,0.05254515368310602
ar08_0.0001,deployed_p_only,0.05782758393395764
ar08_0.0001,deployed_p_only,0.08030557723276108
ar08_0.0001,deployed_p_only,0.08527410333528092
ar08_0.0001,deployed_p_only,0.12840304150117776
ar08_0.0001,deployed_p_only,0.14428690092323201
ar08_0.0001,deployed_p_only,0.18880257440094889
ar08_0.0001,deployed_p_only,0.21359241922231736
ar08_0.0001,deployed_p_only,0.23944448489431136
ar08_0.0001,deployed_p_only,0.2502767550577905
ar08_0.0001,deployed_p_only,0.2652941780329192
ar08_0.0001,deployed_p_only,0.275279385768851
ar08_0.0001,deployed_p_only,0.3060782762619505
ar08_0.0001,deployed_p_only,0.6527329328302418
ar08_0.0001,one_step_governed_pva_direct,0.0017275731078291818
ar08_0.0001,one_step_governed_pva_direct,0.002706917803065502
ar08_0.0001,one_step_governed_pva_direct,0.004765998676682611
ar08_0.0001,one_step_governed_pva_direct,0.004961326287456727
ar08_0.0001,one_step_governed_pva_direct,0.0052521720758847675
ar08_0.0001,one_step_governed_pva_direct,0.005396135182168109
ar08_0.0001,one_step_governed_pva_direct,0.005658801989925871
ar08_0.0001,one_step_governed_pva_direct,0.006830032570454532
ar08_0.0001,one_step_governed_pva_direct,0.009771168379952348
ar08_0.0001,one_step_governed_pva_direct,0.010942083167766743
ar08_0.0001,one_step_governed_pva_direct,0.011335293789199646
ar08_0.0001,one_step_governed_pva_direct,0.0115419879197906
ar08_0.0001,one_step_governed_pva_direct,0.011580545434323722
ar08_0.0001,one_step_governed_pva_direct,0.015000331570523483
ar08_0.0001,one_step_governed_pva_direct,0.01551782099701664
ar08_0.0001,one_step_governed_pva_direct,0.016061111220577393
ar08_0.0001,one_step_governed_pva_direct,0.018445984556795084
ar08_0.0001,one_step_governed_pva_direct,0.018745845516380342
ar08_0.0001,one_step_governed_pva_direct,0.01976987619618064
ar08_0.0001,one_step_governed_pva_direct,0.02305584295417512
ar08_0.0001,one_step_governed_pva_direct,0.040504600421130785
ar08_0.0001,one_step_governed_pva_direct,0.04664684233431722
ar08_0.0001,one_step_governed_pva_direct,0.10214374118733532
ar08_0.0001,one_step_governed_pva_direct,0.1071629103916907
ar08_1e-05,deployed_p_only,0.0068785885367396585
ar08_1e-05,deployed_p_only,0.00938568791322071
ar08_1e-05,deployed_p_only,0.0162807598469851
ar08_1e-05,deployed_p_only,0.01862945572411205
ar08_1e-05,deployed_p_only,0.019486603788539267
ar08_1e-05,deployed_p_only,0.025170063135070427
ar08_1e-05,deployed_p_only,0.02608942823742441
ar08_1e-05,deployed_p_only,0.03407631495360614
ar08_1e-05,deployed_p_only,0.03425338395745402
ar08_1e-05,deployed_p_only,0.04589115089821927
ar08_1e-05,deployed_p_only,0.05254693608318344
ar08_1e-05,deployed_p_only,0.057811591541929504
ar08_1e-05,deployed_p_only,0.08032367061166348
ar08_1e-05,deployed_p_only,0.08526336888579295
ar08_1e-05,deployed_p_only,0.12839291608245412
ar08_1e-05,deployed_p_only,0.14427403853704016
ar08_1e-05,deployed_p_only,0.18880026752967444
ar08_1e-05,deployed_p_only,0.2136432040358718
ar08_1e-05,deployed_p_only,0.23945692472352362
ar08_1e-05,deployed_p_only,0.25027909649370883
ar08_1e-05,deployed_p_only,0.2652884435320762
ar08_1e-05,deployed_p_only,0.2752719474036412
ar08_1e-05,deployed_p_only,0.3060603982217133
ar08_1e-05,deployed_p_only,0.6527419766149343
ar08_1e-05,one_step_governed_pva_direct,0.0024777989140470063
ar08_1e-05,one_step_governed_pva_direct,0.002586261943039365
ar08_1e-05,one_step_governed_pva_direct,0.003921430243666003
ar08_1e-05,one_step_governed_pva_direct,0.004446112605891764
ar08_1e-05,one_step_governed_pva_direct,0.004912619060295139
ar08_1e-05,one_step_governed_pva_direct,0.005242066792517195
ar08_1e-05,one_step_governed_pva_direct,0.005530718664877026
ar08_1e-05,one_step_governed_pva_direct,0.005539557389766177
ar08_1e-05,one_step_governed_pva_direct,0.008795922785093401
ar08_1e-05,one_step_governed_pva_direct,0.00984322272525616
ar08_1e-05,one_step_governed_pva_direct,0.011158677499059562
ar08_1e-05,one_step_governed_pva_direct,0.011593699702757783
ar08_1e-05,one_step_governed_pva_direct,0.012828223875586828
ar08_1e-05,one_step_governed_pva_direct,0.014555592822050305
ar08_1e-05,one_step_governed_pva_direct,0.014801958825786466
ar08_1e-05,one_step_governed_pva_direct,0.015586267425765231
ar08_1e-05,one_step_governed_pva_direct,0.017250278147420285
ar08_1e-05,one_step_governed_pva_direct,0.0185048280486699
ar08_1e-05,one_step_governed_pva_direct,0.020391457202994217
ar08_1e-05,one_step_governed_pva_direct,0.023098101708946817
ar08_1e-05,one_step_governed_pva_direct,0.04152504650246186
ar08_1e-05,one_step_governed_pva_direct,0.0481483188987027
ar08_1e-05,one_step_governed_pva_direct,0.10362530758561013
ar08_1e-05,one_step_governed_pva_direct,0.11030669103176599
ar08_1e-06,deployed_p_only,0.00687442470367882
ar08_1e-06,deployed_p_only,0.009388884307933238
ar08_1e-06,deployed_p_only,0.01628156479223676
ar08_1e-06,deployed_p_only,0.01862551655435078
ar08_1e-06,deployed_p_only,0.01948383500411439
ar08_1e-06,deployed_p_only,0.02516584515071576
ar08_1e-06,deployed_p_only,0.026085387076900866
ar08_1e-06,deployed_p_only,0.03407470727437244
ar08_1e-06,deployed_p_only,0.03425505898086423
ar08_1e-06,deployed_p_only,0.04589455409002971
ar08_1e-06,deployed_p_only,0.0525485772036154
ar08_1e-06,deployed_p_only,0.05781893560056099
ar08_1e-06,deployed_p_only,0.08031795116634906
ar08_1e-06,deployed_p_only,0.08526636500273264
ar08_1e-06,deployed_p_only,0.1283933400825432
ar08_1e-06,deployed_p_only,0.14428085070119248
ar08_1e-06,deployed_p_only,0.18879991499814294
ar08_1e-06,deployed_p_only,0.21356455678446123
ar08_1e-06,deployed_p_only,0.239451493522836
ar08_1e-06,deployed_p_only,0.25028049743431435
ar08_1e-06,deployed_p_only,0.2652922722494695
ar08_1e-06,deployed_p_only,0.27527762823660074
ar08_1e-06,deployed_p_only,0.30606171427957723
ar08_1e-06,deployed_p_only,0.652736082068728
ar08_1e-06,one_step_governed_pva_direct,0.002475767939276963
ar08_1e-06,one_step_governed_pva_direct,0.0025793583601766805
ar08_1e-06,one_step_governed_pva_direct,0.00393045787867709
ar08_1e-06,one_step_governed_pva_direct,0.004447759812644897
ar08_1e-06,one_step_governed_pva_direct,0.0049148178078601045
ar08_1e-06,one_step_governed_pva_direct,0.0052439946527946275
ar08_1e-06,one_step_governed_pva_direct,0.005525547096491074
ar08_1e-06,one_step_governed_pva_direct,0.005546627756586536
ar08_1e-06,one_step_governed_pva_direct,0.008801275928236763
ar08_1e-06,one_step_governed_pva_direct,0.009851741754860529
ar08_1e-06,one_step_governed_pva_direct,0.011155922693445681
ar08_1e-06,one_step_governed_pva_direct,0.011595603393469626
ar08_1e-06,one_step_governed_pva_direct,0.012821579361697713
ar08_1e-06,one_step_governed_pva_direct,0.01456468579926593
ar08_1e-06,one_step_governed_pva_direct,0.014802427485654163
ar08_1e-06,one_step_governed_pva_direct,0.015587563493410858
ar08_1e-06,one_step_governed_pva_direct,0.017259283225074924
ar08_1e-06,one_step_governed_pva_direct,0.018502913808678773
ar08_1e-06,one_step_governed_pva_direct,0.020387266154020083
ar08_1e-06,one_step_governed_pva_direct,0.023096437543340637
ar08_1e-06,one_step_governed_pva_direct,0.04151988428666156
ar08_1e-06,one_step_governed_pva_direct,0.04813943859191368
ar08_1e-06,one_step_governed_pva_direct,0.10361603875959684
ar08_1e-06,one_step_governed_pva_direct,0.11006115554582156
burst_drop,deployed_p_only,0.006878311839114114
burst_drop,deployed_p_only,0.009577458666902761
burst_drop,deployed_p_only,0.016356693517947773
burst_drop,deployed_p_only,0.018648183032525106
burst_drop,deployed_p_only,0.01947202392517868
burst_drop,deployed_p_only,0.025189905574487144
burst_drop,deployed_p_only,0.026605426793452944
burst_drop,deployed_p_only,0.0340903965960369
burst_drop,deployed_p_only,0.034255153455681225
burst_drop,deployed_p_only,0.0461925165927581
burst_drop,deployed_p_only,0.052694044635090906
burst_drop,deployed_p_only,0.05779655205403337
burst_drop,deployed_p_only,0.08030905825913767
burst_drop,deployed_p_only,0.08539348862885605
burst_drop,deployed_p_only,0.12762104278920464
burst_drop,deployed_p_only,0.14541064319253488
burst_drop,deployed_p_only,0.18937613508782686
burst_drop,deployed_p_only,0.21372052416357312
burst_drop,deployed_p_only,0.24030827235273308
burst_drop,deployed_p_only,0.25055158486705337
burst_drop,deployed_p_only,0.26538315833278714
burst_drop,deployed_p_only,0.27537541392258325
burst_drop,deployed_p_only,0.30692435427112197
burst_drop,deployed_p_only,0.649312264585378
burst_drop,one_step_governed_pva_direct,0.003030299832086079
burst_drop,one_step_governed_pva_direct,0.00394423488272799
burst_drop,one_step_governed_pva_direct,0.004452328008275228
burst_drop,one_step_governed_pva_direct,0.0045616982284168465
burst_drop,one_step_governed_pva_direct,0.004986998513323274
burst_drop,one_step_governed_pva_direct,0.005569543079285604
burst_drop,one_step_governed_pva_direct,0.007963654706567931
burst_drop,one_step_governed_pva_direct,0.00988554416589834
burst_drop,one_step_governed_pva_direct,0.011144644188872715
burst_drop,one_step_governed_pva_direct,0.012535433566927982
burst_drop,one_step_governed_pva_direct,0.012772559434015686
burst_drop,one_step_governed_pva_direct,0.014618404212649084
burst_drop,one_step_governed_pva_direct,0.015233368545041266
burst_drop,one_step_governed_pva_direct,0.015443030971878312
burst_drop,one_step_governed_pva_direct,0.015451061267964647
burst_drop,one_step_governed_pva_direct,0.016724568107770097
burst_drop,one_step_governed_pva_direct,0.017286718723923473
burst_drop,one_step_governed_pva_direct,0.01873820329459216
burst_drop,one_step_governed_pva_direct,0.023318008940448488
burst_drop,one_step_governed_pva_direct,0.025327583827304097
burst_drop,one_step_governed_pva_direct,0.04508815912290589
burst_drop,one_step_governed_pva_direct,0.052042153955425115
burst_drop,one_step_governed_pva_direct,0.10516284405074948
burst_drop,one_step_governed_pva_direct,0.10581522550035735
combined_medium,deployed_p_only,0.012389847611702406
combined_medium,deployed_p_only,0.012680574358535125
combined_medium,deployed_p_only,0.019082796369142445
combined_medium,deployed_p_only,0.023957105345366842
combined_medium,deployed_p_only,0.02537210628155492
combined_medium,deployed_p_only,0.025769172120237414
combined_medium,deployed_p_only,0.030452657943969792
combined_medium,deployed_p_only,0.03533311722636159
combined_medium,deployed_p_only,0.035715012611999906
combined_medium,deployed_p_only,0.04592575171353602
combined_medium,deployed_p_only,0.049910772605628644
combined_medium,deployed_p_only,0.06031759280624757
combined_medium,deployed_p_only,0.08212129351194186
combined_medium,deployed_p_only,0.08890757267197305
combined_medium,deployed_p_only,0.1307852793246729
combined_medium,deployed_p_only,0.1432400874376346
combined_medium,deployed_p_only,0.1942094852467832
combined_medium,deployed_p_only,0.219958089363722
combined_medium,deployed_p_only,0.24500336981161594
combined_medium,deployed_p_only,0.254444312400517
combined_medium,deployed_p_only,0.260804968943849
combined_medium,deployed_p_only,0.2712996713945354
combined_medium,deployed_p_only,0.3046284110003025
combined_medium,deployed_p_only,0.6536696416835741
combined_medium,one_step_governed_pva_direct,0.011881349289677847
combined_medium,one_step_governed_pva_direct,0.014380450619850344
combined_medium,one_step_governed_pva_direct,0.01467398275880475
combined_medium,one_step_governed_pva_direct,0.015448386290385389
combined_medium,one_step_governed_pva_direct,0.017678814627574292
combined_medium,one_step_governed_pva_direct,0.01980109783487716
combined_medium,one_step_governed_pva_direct,0.021459049909572956
combined_medium,one_step_governed_pva_direct,0.026382436274293236
combined_medium,one_step_governed_pva_direct,0.027630089345120894
combined_medium,one_step_governed_pva_direct,0.02937602735523293
combined_medium,one_step_governed_pva_direct,0.04481415763290326
combined_medium,one_step_governed_pva_direct,0.07207374617366073
combined_medium,one_step_governed_pva_direct,0.07308503257576943
combined_medium,one_step_governed_pva_direct,0.09199368795636974
combined_medium,one_step_governed_pva_direct,0.10870955734878127
combined_medium,one_step_governed_pva_direct,0.13745440035637432
combined_medium,one_step_governed_pva_direct,0.1406073148390803
combined_medium,one_step_governed_pva_direct,0.16101650740349413
combined_medium,one_step_governed_pva_direct,0.17457972514883105
combined_medium,one_step_governed_pva_direct,0.24418290317054436
combined_medium,one_step_governed_pva_direct,0.2711471246541252
combined_medium,one_step_governed_pva_direct,0.33027929157862207
combined_medium,one_step_governed_pva_direct,0.4404081685232152
combined_medium,one_step_governed_pva_direct,0.47513114581720256
drop_1pct,deployed_p_only,0.006874068818518762
drop_1pct,deployed_p_only,0.009397318084991575
drop_1pct,deployed_p_only,0.016288561473103227
drop_1pct,deployed_p_only,0.01862275004334552
drop_1pct,deployed_p_only,0.019479696228683913
drop_1pct,deployed_p_only,0.025163834069901192
drop_1pct,deployed_p_only,0.026065940723972687
drop_1pct,deployed_p_only,0.03407656200040786
drop_1pct,deployed_p_only,0.03425810306920376
drop_1pct,deployed_p_only,0.045894225938880574
drop_1pct,deployed_p_only,0.0525596259861842
drop_1pct,deployed_p_only,0.057806952194038606
drop_1pct,deployed_p_only,0.08028917514217504
drop_1pct,deployed_p_only,0.08527343948013719
drop_1pct,deployed_p_only,0.12839336133871532
drop_1pct,deployed_p_only,0.14426362313583782
drop_1pct,deployed_p_only,0.1888837250774208
drop_1pct,deployed_p_only,0.21332760182928565
drop_1pct,deployed_p_only,0.23945406769262384
drop_1pct,deployed_p_only,0.25019211371615224
drop_1pct,deployed_p_only,0.2651960108714593
drop_1pct,deployed_p_only,0.2750711580714778
drop_1pct,deployed_p_only,0.3060414040174497
drop_1pct,deployed_p_only,0.6527381598511997
drop_1pct,one_step_governed_pva_direct,0.00250235066959821
drop_1pct,one_step_governed_pva_direct,0.0026250658623048154
drop_1pct,one_step_governed_pva_direct,0.003943452826737255
drop_1pct,one_step_governed_pva_direct,0.004451462165417862
drop_1pct,one_step_governed_pva_direct,0.004915560178241911
drop_1pct,one_step_governed_pva_direct,0.005346476177429216
drop_1pct,one_step_governed_pva_direct,0.005564012391632604
drop_1pct,one_step_governed_pva_direct,0.005851813070134217
drop_1pct,one_step_governed_pva_direct,0.008690589542033712
drop_1pct,one_step_governed_pva_direct,0.00988320560740358
drop_1pct,one_step_governed_pva_direct,0.011198507410849703
drop_1pct,one_step_governed_pva_direct,0.01158610381491591
drop_1pct,one_step_governed_pva_direct,0.012922948383785843
drop_1pct,one_step_governed_pva_direct,0.014612021766198316
drop_1pct,one_step_governed_pva_direct,0.015146128690077903
drop_1pct,one_step_governed_pva_direct,0.015458601574031363
drop_1pct,one_step_governed_pva_direct,0.01729102790047244
drop_1pct,one_step_governed_pva_direct,0.018502569724377003
drop_1pct,one_step_governed_pva_direct,0.02083991377042739
drop_1pct,one_step_governed_pva_direct,0.02309830361320192
drop_1pct,one_step_governed_pva_direct,0.04140017915026617
drop_1pct,one_step_governed_pva_direct,0.04991438429782143
drop_1pct,one_step_governed_pva_direct,0.10359350265838344
drop_1pct,one_step_governed_pva_direct,0.10987099775562738
drop_5pct,deployed_p_only,0.006875588996667566
drop_5pct,deployed_p_only,0.009381873061699322
drop_5pct,deployed_p_only,0.016260206598496127
drop_5pct,deployed_p_only,0.018628864913240915
drop_5pct,deployed_p_only,0.019499987189011855
drop_5pct,deployed_p_only,0.025165503434813007
drop_5pct,deployed_p_only,0.026114772424621645
drop_5pct,deployed_p_only,0.03403571298082328
drop_5pct,deployed_p_only,0.03447126151059469
drop_5pct,deployed_p_only,0.04591823569634053
drop_5pct,deployed_p_only,0.05258019924359769
drop_5pct,deployed_p_only,0.05781068643355634
drop_5pct,deployed_p_only,0.08046746229200466
drop_5pct,deployed_p_only,0.08538235691284067
drop_5pct,deployed_p_only,0.12831381682319085
drop_5pct,deployed_p_only,0.1443341188770328
drop_5pct,deployed_p_only,0.18902495085293602
drop_5pct,deployed_p_only,0.21332375813466517
drop_5pct,deployed_p_only,0.23943774486707628
drop_5pct,deployed_p_only,0.25035260072814197
drop_5pct,deployed_p_only,0.26507319290500647
drop_5pct,deployed_p_only,0.2754569789235654
drop_5pct,deployed_p_only,0.3073757524185974
drop_5pct,deployed_p_only,0.6528257584156051
drop_5pct,one_step_governed_pva_direct,0.0025877241197284485
drop_5pct,one_step_governed_pva_direct,0.003249479326633385
drop_5pct,one_step_governed_pva_direct,0.0038482461909838802
drop_5pct,one_step_governed_pva_direct,0.004487091677723694
drop_5pct,one_step_governed_pva_direct,0.004863651046268312
drop_5pct,one_step_governed_pva_direct,0.005485061057464419
drop_5pct,one_step_governed_pva_direct,0.005488618331331387
drop_5pct,one_step_governed_pva_direct,0.009730980150646799
drop_5pct,one_step_governed_pva_direct,0.009831575608429004
drop_5pct,one_step_governed_pva_direct,0.010869431773319276
drop_5pct,one_step_governed_pva_direct,0.011182177618867414
drop_5pct,one_step_governed_pva_direct,0.011900288797514815
drop_5pct,one_step_governed_pva_direct,0.013524194281844775
drop_5pct,one_step_governed_pva_direct,0.014400132710943165
drop_5pct,one_step_governed_pva_direct,0.01529764889773249
drop_5pct,one_step_governed_pva_direct,0.016544726641202004
drop_5pct,one_step_governed_pva_direct,0.01727104769717826
drop_5pct,one_step_governed_pva_direct,0.01832900949753376
drop_5pct,one_step_governed_pva_direct,0.020283356983063813
drop_5pct,one_step_governed_pva_direct,0.02301145345237089
drop_5pct,one_step_governed_pva_direct,0.041526136547856106
drop_5pct,one_step_governed_pva_direct,0.04803612561287344
drop_5pct,one_step_governed_pva_direct,0.0967989214784639
drop_5pct,one_step_governed_pva_direct,0.10335905761745347
duplicate,deployed_p_only,0.006874053637086187
duplicate,deployed_p_only,0.009400455431243139
duplicate,deployed_p_only,0.016301412517544286
duplicate,deployed_p_only,0.018623980129423755
duplicate,deployed_p_only,0.019482018843696
duplicate,deployed_p_only,0.02516409411695197
duplicate,deployed_p_only,0.026083302548474765
duplicate,deployed_p_only,0.0340594421885975
duplicate,deployed_p_only,0.03425511851780389
duplicate,deployed_p_only,0.045912585842371643
duplicate,deployed_p_only,0.052565344235020836
duplicate,deployed_p_only,0.057820089153075606
duplicate,deployed_p_only,0.08032311768978488
duplicate,deployed_p_only,0.08527648670317271
duplicate,deployed_p_only,0.12833292283426684
duplicate,deployed_p_only,0.14433703505722426
duplicate,deployed_p_only,0.18886573762567643
duplicate,deployed_p_only,0.21324407829707306
duplicate,deployed_p_only,0.23946834920296398
duplicate,deployed_p_only,0.2502607759728067
duplicate,deployed_p_only,0.26531802921930225
duplicate,deployed_p_only,0.27527754301546903
duplicate,deployed_p_only,0.3060993981519975
duplicate,deployed_p_only,0.6525689923739096
duplicate,one_step_governed_pva_direct,0.0025196983366615844
duplicate,one_step_governed_pva_direct,0.0026760583596955973
duplicate,one_step_governed_pva_direct,0.003957708136081504
duplicate,one_step_governed_pva_direct,0.004452501241329849
duplicate,one_step_governed_pva_direct,0.00492044969645047
duplicate,one_step_governed_pva_direct,0.0054501649820930245
duplicate,one_step_governed_pva_direct,0.005565924480271737
duplicate,one_step_governed_pva_direct,0.0056353410700866365
duplicate,one_step_governed_pva_direct,0.009035814320217156
duplicate,one_step_governed_pva_direct,0.009865931509021956
duplicate,one_step_governed_pva_direct,0.01115855523711537
duplicate,one_step_governed_pva_direct,0.011671160040754764
duplicate,one_step_governed_pva_direct,0.01280800199463817
duplicate,one_step_governed_pva_direct,0.01455511195824086
duplicate,one_step_governed_pva_direct,0.015104039471058128
duplicate,one_step_governed_pva_direct,0.01602082431540744
duplicate,one_step_governed_pva_direct,0.01727331696978022
duplicate,one_step_governed_pva_direct,0.01851635483703035
duplicate,one_step_governed_pva_direct,0.02019837399931805
duplicate,one_step_governed_pva_direct,0.023109811815502174
duplicate,one_step_governed_pva_direct,0.04188371809431081
duplicate,one_step_governed_pva_direct,0.04901693718059283
duplicate,one_step_governed_pva_direct,0.103528544300237
duplicate,one_step_governed_pva_direct,0.11005629902244571
empirical_plot_data_jitter,deployed_p_only,0.006887471755665598
empirical_plot_data_jitter,deployed_p_only,0.009357618831149227
empirical_plot_data_jitter,deployed_p_only,0.016211803594359055
empirical_plot_data_jitter,deployed_p_only,0.018677231396644393
empirical_plot_data_jitter,deployed_p_only,0.01954078684703774
empirical_plot_data_jitter,deployed_p_only,0.025231260555190472
empirical_plot_data_jitter,deployed_p_only,0.025776998684217168
empirical_plot_data_jitter,deployed_p_only,0.03387774757067335
empirical_plot_data_jitter,deployed_p_only,0.03596500335257479
empirical_plot_data_jitter,deployed_p_only,0.04606922544131275
empirical_plot_data_jitter,deployed_p_only,0.05318440317164603
empirical_plot_data_jitter,deployed_p_only,0.0578916693903755
empirical_plot_data_jitter,deployed_p_only,0.08053565475000052
empirical_plot_data_jitter,deployed_p_only,0.09010504002545378
empirical_plot_data_jitter,deployed_p_only,0.1283270875058288
empirical_plot_data_jitter,deployed_p_only,0.14506716003673903
empirical_plot_data_jitter,deployed_p_only,0.19094611436348488
empirical_plot_data_jitter,deployed_p_only,0.21659560613809928
empirical_plot_data_jitter,deployed_p_only,0.2406130410042403
empirical_plot_data_jitter,deployed_p_only,0.2504899332002868
empirical_plot_data_jitter,deployed_p_only,0.26724268809400775
empirical_plot_data_jitter,deployed_p_only,0.2774592711892406
empirical_plot_data_jitter,deployed_p_only,0.3084099927739831
empirical_plot_data_jitter,deployed_p_only,0.6563883143899881
empirical_plot_data_jitter,one_step_governed_pva_direct,0.011212828704987073
empirical_plot_data_jitter,one_step_governed_pva_direct,0.025740923166765125
empirical_plot_data_jitter,one_step_governed_pva_direct,0.026535883579632564
empirical_plot_data_jitter,one_step_governed_pva_direct,0.035196026783541216
empirical_plot_data_jitter,one_step_governed_pva_direct,0.04334878525384427
empirical_plot_data_jitter,one_step_governed_pva_direct,0.05678307429858979
empirical_plot_data_jitter,one_step_governed_pva_direct,0.07267756861020583
empirical_plot_data_jitter,one_step_governed_pva_direct,0.07982320977673593
empirical_plot_data_jitter,one_step_governed_pva_direct,0.08023316369112561
empirical_plot_data_jitter,one_step_governed_pva_direct,0.08027649713418811
empirical_plot_data_jitter,one_step_governed_pva_direct,0.08187536995530567
empirical_plot_data_jitter,one_step_governed_pva_direct,0.08190201111064344
empirical_plot_data_jitter,one_step_governed_pva_direct,0.09205434372151597
empirical_plot_data_jitter,one_step_governed_pva_direct,0.0984365309074315
empirical_plot_data_jitter,one_step_governed_pva_direct,0.10765926227685645
empirical_plot_data_jitter,one_step_governed_pva_direct,0.12245529248994903
empirical_plot_data_jitter,one_step_governed_pva_direct,0.15420837274893961
empirical_plot_data_jitter,one_step_governed_pva_direct,0.19926649898513005
empirical_plot_data_jitter,one_step_governed_pva_direct,0.2602332410391044
empirical_plot_data_jitter,one_step_governed_pva_direct,0.2815799285989194
empirical_plot_data_jitter,one_step_governed_pva_direct,0.2840381239771865
empirical_plot_data_jitter,one_step_governed_pva_direct,0.3934402530496421
empirical_plot_data_jitter,one_step_governed_pva_direct,0.5954261198457329
empirical_plot_data_jitter,one_step_governed_pva_direct,0.8868767119545425
jitter_0.5ms,deployed_p_only,0.0069016782432958146
jitter_0.5ms,deployed_p_only,0.009373935083880973
jitter_0.5ms,deployed_p_only,0.016219219482762833
jitter_0.5ms,deployed_p_only,0.01871243687257126
jitter_0.5ms,deployed_p_only,0.019567233617795374
jitter_0.5ms,deployed_p_only,0.02527853794897042
jitter_0.5ms,deployed_p_only,0.025967753897079532
jitter_0.5ms,deployed_p_only,0.033977750389687505
jitter_0.5ms,deployed_p_only,0.03573229368808056
jitter_0.5ms,deployed_p_only,0.04605381239671714
jitter_0.5ms,deployed_p_only,0.053193292746125914
jitter_0.5ms,deployed_p_only,0.057904240107376624
jitter_0.5ms,deployed_p_only,0.08039030218400824
jitter_0.5ms,deployed_p_only,0.08878452131213052
jitter_0.5ms,deployed_p_only,0.12834107279287169
jitter_0.5ms,deployed_p_only,0.14509407897483032
jitter_0.5ms,deployed_p_only,0.19126060389333271
jitter_0.5ms,deployed_p_only,0.21738901042340578
jitter_0.5ms,deployed_p_only,0.24073999578765187
jitter_0.5ms,deployed_p_only,0.25074768793376634
jitter_0.5ms,deployed_p_only,0.2671998238078572
jitter_0.5ms,deployed_p_only,0.2772399735669539
jitter_0.5ms,deployed_p_only,0.3073741387784831
jitter_0.5ms,deployed_p_only,0.6513575620936939
jitter_0.5ms,one_step_governed_pva_direct,0.004480199061637895
jitter_0.5ms,one_step_governed_pva_direct,0.0073129251330242
jitter_0.5ms,one_step_governed_pva_direct,0.009542474811234549
jitter_0.5ms,one_step_governed_pva_direct,0.011246595150763752
jitter_0.5ms,one_step_governed_pva_direct,0.012547226609299756
jitter_0.5ms,one_step_governed_pva_direct,0.014966186576390601
jitter_0.5ms,one_step_governed_pva_direct,0.01551152792680468
jitter_0.5ms,one_step_governed_pva_direct,0.01778956595728847
jitter_0.5ms,one_step_governed_pva_direct,0.018677280648995306
jitter_0.5ms,one_step_governed_pva_direct,0.02328789371078662
jitter_0.5ms,one_step_governed_pva_direct,0.025898486764574864
jitter_0.5ms,one_step_governed_pva_direct,0.03403179807495054
jitter_0.5ms,one_step_governed_pva_direct,0.0360641379865931
jitter_0.5ms,one_step_governed_pva_direct,0.03695549481406795
jitter_0.5ms,one_step_governed_pva_direct,0.04629419045304575
jitter_0.5ms,one_step_governed_pva_direct,0.06100553074136919
jitter_0.5ms,one_step_governed_pva_direct,0.08909113862693795
jitter_0.5ms,one_step_governed_pva_direct,0.0921837692021701
jitter_0.5ms,one_step_governed_pva_direct,0.11485292905596473
jitter_0.5ms,one_step_governed_pva_direct,0.12176579162982404
jitter_0.5ms,one_step_governed_pva_direct,0.12697075577085698
jitter_0.5ms,one_step_governed_pva_direct,0.1556005302414958
jitter_0.5ms,one_step_governed_pva_direct,0.16466981549289209
jitter_0.5ms,one_step_governed_pva_direct,0.2011377084377141
jitter_0ms,deployed_p_only,0.00687444352791656
jitter_0ms,deployed_p_only,0.00938902019895968
jitter_0ms,deployed_p_only,0.01628159096809469
jitter_0ms,deployed_p_only,0.018625486454263648
jitter_0ms,deployed_p_only,0.019483890456657074
jitter_0ms,deployed_p_only,0.02516583743792642
jitter_0ms,deployed_p_only,0.026085289654143314
jitter_0ms,deployed_p_only,0.03407458956964762
jitter_0ms,deployed_p_only,0.03425502284824733
jitter_0ms,deployed_p_only,0.04589464952879192
jitter_0ms,deployed_p_only,0.05254837598518232
jitter_0ms,deployed_p_only,0.05781903755892835
jitter_0ms,deployed_p_only,0.08031781277827786
jitter_0ms,deployed_p_only,0.08526645043626739
jitter_0ms,deployed_p_only,0.12839343724345892
jitter_0ms,deployed_p_only,0.14428100083134973
jitter_0ms,deployed_p_only,0.18880005279130108
jitter_0ms,deployed_p_only,0.21403064445354084
jitter_0ms,deployed_p_only,0.23945141124216227
jitter_0ms,deployed_p_only,0.25028031034911297
jitter_0ms,deployed_p_only,0.2652921077254724
jitter_0ms,deployed_p_only,0.27527756873543174
jitter_0ms,deployed_p_only,0.3060620770160245
jitter_0ms,deployed_p_only,0.6527359596214373
jitter_0ms,one_step_governed_pva_direct,0.002473015929332436
jitter_0ms,one_step_governed_pva_direct,0.002564246596545035
jitter_0ms,one_step_governed_pva_direct,0.003950226249177078
jitter_0ms,one_step_governed_pva_direct,0.0044519240941501
jitter_0ms,one_step_governed_pva_direct,0.004916239747602473
jitter_0ms,one_step_governed_pva_direct,0.005247031430342242
jitter_0ms,one_step_governed_pva_direct,0.005512789595549594
jitter_0ms,one_step_governed_pva_direct,0.005563556576418409
jitter_0ms,one_step_governed_pva_direct,0.00881402089644802
jitter_0ms,one_step_governed_pva_direct,0.009871697837108982
jitter_0ms,one_step_governed_pva_direct,0.011151918366265123
jitter_0ms,one_step_governed_pva_direct,0.011592688131811812
jitter_0ms,one_step_governed_pva_direct,0.012804497726102954
jitter_0ms,one_step_governed_pva_direct,0.014584784592550628
jitter_0ms,one_step_governed_pva_direct,0.014804713647274322
jitter_0ms,one_step_governed_pva_direct,0.015584951439640341
jitter_0ms,one_step_governed_pva_direct,0.017279248759450676
jitter_0ms,one_step_governed_pva_direct,0.018501782125923835
jitter_0ms,one_step_governed_pva_direct,0.02037799116149176
jitter_0ms,one_step_governed_pva_direct,0.023095582445857146
jitter_0ms,one_step_governed_pva_direct,0.041505242847987144
jitter_0ms,one_step_governed_pva_direct,0.048119427048789826
jitter_0ms,one_step_governed_pva_direct,0.10359640466314321
jitter_0ms,one_step_governed_pva_direct,0.1100323680853738
jitter_1ms,deployed_p_only,0.006865548456802018
jitter_1ms,deployed_p_only,0.009344734454685881
jitter_1ms,deployed_p_only,0.0162594932705088
jitter_1ms,deployed_p_only,0.018605499070541685
jitter_1ms,deployed_p_only,0.01947412188810213
jitter_1ms,deployed_p_only,0.025138281810729586
jitter_1ms,deployed_p_only,0.025835070693103146
jitter_1ms,deployed_p_only,0.03410370024438965
jitter_1ms,deployed_p_only,0.03595801597031209
jitter_1ms,deployed_p_only,0.0460591079858566
jitter_1ms,deployed_p_only,0.053072905075086
jitter_1ms,deployed_p_only,0.05791815183488103
jitter_1ms,deployed_p_only,0.08049894962938631
jitter_1ms,deployed_p_only,0.08934030730420356
jitter_1ms,deployed_p_only,0.12833071234393081
jitter_1ms,deployed_p_only,0.145064726220615
jitter_1ms,deployed_p_only,0.19090305601387678
jitter_1ms,deployed_p_only,0.2167892676841797
jitter_1ms,deployed_p_only,0.2405204644029271
jitter_1ms,deployed_p_only,0.25083922216865895
jitter_1ms,deployed_p_only,0.2660843850684448
jitter_1ms,deployed_p_only,0.27618650793304234
jitter_1ms,deployed_p_only,0.3079819316735216
jitter_1ms,deployed_p_only,0.6566872079547053
jitter_1ms,one_step_governed_pva_direct,0.0039408367091834946
jitter_1ms,one_step_governed_pva_direct,0.008817747829700733
jitter_1ms,one_step_governed_pva_direct,0.009245131823215146
jitter_1ms,one_step_governed_pva_direct,0.010780482749840779
jitter_1ms,one_step_governed_pva_direct,0.01127048688604562
jitter_1ms,one_step_governed_pva_direct,0.013495641016464938
jitter_1ms,one_step_governed_pva_direct,0.014107650017058807
jitter_1ms,one_step_governed_pva_direct,0.01736444033899823
jitter_1ms,one_step_governed_pva_direct,0.023710097481876545
jitter_1ms,one_step_governed_pva_direct,0.030122055778946503
jitter_1ms,one_step_governed_pva_direct,0.036796838096551106
jitter_1ms,one_step_governed_pva_direct,0.03811910150012493
jitter_1ms,one_step_governed_pva_direct,0.04123726489615634
jitter_1ms,one_step_governed_pva_direct,0.04977112410341242
jitter_1ms,one_step_governed_pva_direct,0.06458061536768821
jitter_1ms,one_step_governed_pva_direct,0.09559187434382596
jitter_1ms,one_step_governed_pva_direct,0.0962727956719216
jitter_1ms,one_step_governed_pva_direct,0.1412012793997155
jitter_1ms,one_step_governed_pva_direct,0.14760120333090032
jitter_1ms,one_step_governed_pva_direct,0.15283804578375018
jitter_1ms,one_step_governed_pva_direct,0.1818634292958866
jitter_1ms,one_step_governed_pva_direct,0.34215713520742186
jitter_1ms,one_step_governed_pva_direct,0.5159919619275968
jitter_1ms,one_step_governed_pva_direct,0.57074405146976
jitter_2ms,deployed_p_only,0.0068838702750003405
jitter_2ms,deployed_p_only,0.00935459828995664
jitter_2ms,deployed_p_only,0.016209857763760008
jitter_2ms,deployed_p_only,0.018645364817874696
jitter_2ms,deployed_p_only,0.0195332454468703
jitter_2ms,deployed_p_only,0.025199268672828738
jitter_2ms,deployed_p_only,0.0263439651523328
jitter_2ms,deployed_p_only,0.034224853668925616
jitter_2ms,deployed_p_only,0.035858451664872844
jitter_2ms,deployed_p_only,0.046044655063464154
jitter_2ms,deployed_p_only,0.0531733856234231
jitter_2ms,deployed_p_only,0.05785518343076586
jitter_2ms,deployed_p_only,0.0802526602020626
jitter_2ms,deployed_p_only,0.08948235329776193
jitter_2ms,deployed_p_only,0.1284177300350219
jitter_2ms,deployed_p_only,0.1449947203364127
jitter_2ms,deployed_p_only,0.19105193776641213
jitter_2ms,deployed_p_only,0.21633362633982703
jitter_2ms,deployed_p_only,0.24069698101580203
jitter_2ms,deployed_p_only,0.25087589841761576
jitter_2ms,deployed_p_only,0.2674309485426645
jitter_2ms,deployed_p_only,0.2771423179592096
jitter_2ms,deployed_p_only,0.3078610133517586
jitter_2ms,deployed_p_only,0.6569012039022775
jitter_2ms,one_step_governed_pva_direct,0.005192731558108506
jitter_2ms,one_step_governed_pva_direct,0.00943147587966233
jitter_2ms,one_step_governed_pva_direct,0.015134021857878387
jitter_2ms,one_step_governed_pva_direct,0.015511832583677481
jitter_2ms,one_step_governed_pva_direct,0.018822038037422422
jitter_2ms,one_step_governed_pva_direct,0.021313668552847973
jitter_2ms,one_step_governed_pva_direct,0.038654452601139526
jitter_2ms,one_step_governed_pva_direct,0.04543920545727591
jitter_2ms,one_step_governed_pva_direct,0.04888989214289551
jitter_2ms,one_step_governed_pva_direct,0.05668916825644195
jitter_2ms,one_step_governed_pva_direct,0.0641272729154942
jitter_2ms,one_step_governed_pva_direct,0.07013011757620312
jitter_2ms,one_step_governed_pva_direct,0.07619106143017998
jitter_2ms,one_step_governed_pva_direct,0.10164791666494448
jitter_2ms,one_step_governed_pva_direct,0.10237919180378112
jitter_2ms,one_step_governed_pva_direct,0.14781483187434372
jitter_2ms,one_step_governed_pva_direct,0.15370064510229844
jitter_2ms,one_step_governed_pva_direct,0.19439702311478965
jitter_2ms,one_step_governed_pva_direct,0.2350966102731741
jitter_2ms,one_step_governed_pva_direct,0.3089103847630132
jitter_2ms,one_step_governed_pva_direct,0.3412101358207138
jitter_2ms,one_step_governed_pva_direct,0.3612780830383056
jitter_2ms,one_step_governed_pva_direct,0.6518812816271048
jitter_2ms,one_step_governed_pva_direct,0.8268681827031809
outlier_burst,deployed_p_only,0.006698707826071407
outlier_burst,deployed_p_only,0.009551247505239164
outlier_burst,deployed_p_only,0.01631106650890636
outlier_burst,deployed_p_only,0.018444623260756694
outlier_burst,deployed_p_only,0.019357708465981047
outlier_burst,deployed_p_only,0.024982065865824438
outlier_burst,deployed_p_only,0.025888937491615464
outlier_burst,deployed_p_only,0.033938367613654256
outlier_burst,deployed_p_only,0.03427558386955226
outlier_burst,deployed_p_only,0.046042579743563926
outlier_burst,deployed_p_only,0.05254908528827554
outlier_burst,deployed_p_only,0.05808173142527144
outlier_burst,deployed_p_only,0.07999089000899226
outlier_burst,deployed_p_only,0.08547279507992568
outlier_burst,deployed_p_only,0.12850261956831383
outlier_burst,deployed_p_only,0.144564130068856
outlier_burst,deployed_p_only,0.18881799507865615
outlier_burst,deployed_p_only,0.21336541843787127
outlier_burst,deployed_p_only,0.23917715768762177
outlier_burst,deployed_p_only,0.25018187748152776
outlier_burst,deployed_p_only,0.2654243768466091
outlier_burst,deployed_p_only,0.27546121435155185
outlier_burst,deployed_p_only,0.306323353763488
outlier_burst,deployed_p_only,0.6523909364434218
outlier_burst,one_step_governed_pva_direct,0.0035477122028486478
outlier_burst,one_step_governed_pva_direct,0.004100544063838254
outlier_burst,one_step_governed_pva_direct,0.00525408594623277
outlier_burst,one_step_governed_pva_direct,0.00701143312698177
outlier_burst,one_step_governed_pva_direct,0.01041458967711254
outlier_burst,one_step_governed_pva_direct,0.010945772703615084
outlier_burst,one_step_governed_pva_direct,0.011088338822754763
outlier_burst,one_step_governed_pva_direct,0.011364909925787361
outlier_burst,one_step_governed_pva_direct,0.011385417801346285
outlier_burst,one_step_governed_pva_direct,0.014695635620491832
outlier_burst,one_step_governed_pva_direct,0.016588059443516243
outlier_burst,one_step_governed_pva_direct,0.017644598038156885
outlier_burst,one_step_governed_pva_direct,0.017999940875800025
outlier_burst,one_step_governed_pva_direct,0.024675830445765105
outlier_burst,one_step_governed_pva_direct,0.024996165495086677
outlier_burst,one_step_governed_pva_direct,0.02613444476155112
outlier_burst,one_step_governed_pva_direct,0.0390255457309782
outlier_burst,one_step_governed_pva_direct,0.040249375535367435
outlier_burst,one_step_governed_pva_direct,0.04228793199470953
outlier_burst,one_step_governed_pva_direct,0.04714899565353489
outlier_burst,one_step_governed_pva_direct,0.05827683960804035
outlier_burst,one_step_governed_pva_direct,0.07497056706097689
outlier_burst,one_step_governed_pva_direct,0.08159898378707381
outlier_burst,one_step_governed_pva_direct,0.14799872173025186
outlier_impossible_jump,deployed_p_only,0.011221961235836932
outlier_impossible_jump,deployed_p_only,0.012312528224406451
outlier_impossible_jump,deployed_p_only,0.01866638009996108
outlier_impossible_jump,deployed_p_only,0.022470672348571277
outlier_impossible_jump,deployed_p_only,0.024049885036870403
outlier_impossible_jump,deployed_p_only,0.024578730638270926
outlier_impossible_jump,deployed_p_only,0.0289537815354581
outlier_impossible_jump,deployed_p_only,0.03391301913003728
outlier_impossible_jump,deployed_p_only,0.0343472009629854
outlier_impossible_jump,deployed_p_only,0.04641423622231469
outlier_impossible_jump,deployed_p_only,0.049845165612811486
outlier_impossible_jump,deployed_p_only,0.06115770283100539
outlier_impossible_jump,deployed_p_only,0.07985589060931125
outlier_impossible_jump,deployed_p_only,0.0860166155547366
outlier_impossible_jump,deployed_p_only,0.13115412405152166
outlier_impossible_jump,deployed_p_only,0.14434470710675973
outlier_impossible_jump,deployed_p_only,0.19189669907434068
outlier_impossible_jump,deployed_p_only,0.2160548618612612
outlier_impossible_jump,deployed_p_only,0.24190809703687438
outlier_impossible_jump,deployed_p_only,0.2524473442877668
outlier_impossible_jump,deployed_p_only,0.2614645009080263
outlier_impossible_jump,deployed_p_only,0.27289489607589046
outlier_impossible_jump,deployed_p_only,0.3040746118556521
outlier_impossible_jump,deployed_p_only,0.6534787763912425
outlier_impossible_jump,one_step_governed_pva_direct,0.007281645990616574
outlier_impossible_jump,one_step_governed_pva_direct,0.008435971095538359
outlier_impossible_jump,one_step_governed_pva_direct,0.009498323261732868
outlier_impossible_jump,one_step_governed_pva_direct,0.009766190086676115
outlier_impossible_jump,one_step_governed_pva_direct,0.010353616651190393
outlier_impossible_jump,one_step_governed_pva_direct,0.011223096587200537
outlier_impossible_jump,one_step_governed_pva_direct,0.011524919977357578
outlier_impossible_jump,one_step_governed_pva_direct,0.01845710399866938
outlier_impossible_jump,one_step_governed_pva_direct,0.018652837015201495
outlier_impossible_jump,one_step_governed_pva_direct,0.019817060363312405
outlier_impossible_jump,one_step_governed_pva_direct,0.01998231068859639
outlier_impossible_jump,one_step_governed_pva_direct,0.020285482379743543
outlier_impossible_jump,one_step_governed_pva_direct,0.021059317414803637
outlier_impossible_jump,one_step_governed_pva_direct,0.02155139366455702
outlier_impossible_jump,one_step_governed_pva_direct,0.024453099320238383
outlier_impossible_jump,one_step_governed_pva_direct,0.026471360001493194
outlier_impossible_jump,one_step_governed_pva_direct,0.02658203261535088
outlier_impossible_jump,one_step_governed_pva_direct,0.03100739402255607
outlier_impossible_jump,one_step_governed_pva_direct,0.032332029419467785
outlier_impossible_jump,one_step_governed_pva_direct,0.0397324882412769
outlier_impossible_jump,one_step_governed_pva_direct,0.07677559580850156
outlier_impossible_jump,one_step_governed_pva_direct,0.07684035954803102
outlier_impossible_jump,one_step_governed_pva_direct,0.08843995249340425
outlier_impossible_jump,one_step_governed_pva_direct,0.13162635343538964
outlier_nan,deployed_p_only,0.006874039356929585
outlier_nan,deployed_p_only,0.009380525250289961
outlier_nan,deployed_p_only,0.016268328616014772
outlier_nan,deployed_p_only,0.018620762748781397
outlier_nan,deployed_p_only,0.019483357518539614
outlier_nan,deployed_p_only,0.025161328079477723
outlier_nan,deployed_p_only,0.026082950524989833
outlier_nan,deployed_p_only,0.03407465300426195
outlier_nan,deployed_p_only,0.034254997834200676
outlier_nan,deployed_p_only,0.04589621935060577
outlier_nan,deployed_p_only,0.052585709050457355
outlier_nan,deployed_p_only,0.05782476477028953
outlier_nan,deployed_p_only,0.08032176956320547
outlier_nan,deployed_p_only,0.08527034301838067
outlier_nan,deployed_p_only,0.12840271350748284
outlier_nan,deployed_p_only,0.1442807576160493
outlier_nan,deployed_p_only,0.18893811375339195
outlier_nan,deployed_p_only,0.21323644514622192
outlier_nan,deployed_p_only,0.2394506607902516
outlier_nan,deployed_p_only,0.25017664381516946
outlier_nan,deployed_p_only,0.26541988883672557
outlier_nan,deployed_p_only,0.2753542178015222
outlier_nan,deployed_p_only,0.30596222889653024
outlier_nan,deployed_p_only,0.6527796647434405
outlier_nan,one_step_governed_pva_direct,0.0022750025766673154
outlier_nan,one_step_governed_pva_direct,0.0024810174158746887
outlier_nan,one_step_governed_pva_direct,0.003967200898959002
outlier_nan,one_step_governed_pva_direct,0.00445837641917334
outlier_nan,one_step_governed_pva_direct,0.004916768937253909
outlier_nan,one_step_governed_pva_direct,0.005414242355978352
outlier_nan,one_step_governed_pva_direct,0.005563156293701637
outlier_nan,one_step_governed_pva_direct,0.006228802038340466
outlier_nan,one_step_governed_pva_direct,0.008403432049167141
outlier_nan,one_step_governed_pva_direct,0.009900178116313966
outlier_nan,one_step_governed_pva_direct,0.011163710205822403
outlier_nan,one_step_governed_pva_direct,0.011616395059316421
outlier_nan,one_step_governed_pva_direct,0.012785128939830274
outlier_nan,one_step_governed_pva_direct,0.014512734143504265
outlier_nan,one_step_governed_pva_direct,0.014958121604431409
outlier_nan,one_step_governed_pva_direct,0.0152804972083459
outlier_nan,one_step_governed_pva_direct,0.017301040167168664
outlier_nan,one_step_governed_pva_direct,0.01850438004248158
outlier_nan,one_step_governed_pva_direct,0.020234445933109243
outlier_nan,one_step_governed_pva_direct,0.02309914589426036
outlier_nan,one_step_governed_pva_direct,0.041683540953193425
outlier_nan,one_step_governed_pva_direct,0.04777338500387165
outlier_nan,one_step_governed_pva_direct,0.10365609913871698
outlier_nan,one_step_governed_pva_direct,0.11088639484903541
outlier_neginf,deployed_p_only,0.006874039356929585
outlier_neginf,deployed_p_only,0.009380525250289961
outlier_neginf,deployed_p_only,0.016268328616014772
outlier_neginf,deployed_p_only,0.018620762748781397
outlier_neginf,deployed_p_only,0.019483357518539614
outlier_neginf,deployed_p_only,0.025161328079477723
outlier_neginf,deployed_p_only,0.026082950524989833
outlier_neginf,deployed_p_only,0.03407465300426195
outlier_neginf,deployed_p_only,0.034254997834200676
outlier_neginf,deployed_p_only,0.04589621935060577
outlier_neginf,deployed_p_only,0.052585709050457355
outlier_neginf,deployed_p_only,0.05782476477028953
outlier_neginf,deployed_p_only,0.08032176956320547
outlier_neginf,deployed_p_only,0.08527034301838067
outlier_neginf,deployed_p_only,0.12840271350748284
outlier_neginf,deployed_p_only,0.1442807576160493
outlier_neginf,deployed_p_only,0.18893811375339195
outlier_neginf,deployed_p_only,0.21323644514622192
outlier_neginf,deployed_p_only,0.2394506607902516
outlier_neginf,deployed_p_only,0.25017664381516946
outlier_neginf,deployed_p_only,0.26541988883672557
outlier_neginf,deployed_p_only,0.2753542178015222
outlier_neginf,deployed_p_only,0.30596222889653024
outlier_neginf,deployed_p_only,0.6527796647434405
outlier_neginf,one_step_governed_pva_direct,0.0022750025766673154
outlier_neginf,one_step_governed_pva_direct,0.0024810174158746887
outlier_neginf,one_step_governed_pva_direct,0.003967200898959002
outlier_neginf,one_step_governed_pva_direct,0.00445837641917334
outlier_neginf,one_step_governed_pva_direct,0.004916768937253909
outlier_neginf,one_step_governed_pva_direct,0.005414242355978352
outlier_neginf,one_step_governed_pva_direct,0.005563156293701637
outlier_neginf,one_step_governed_pva_direct,0.006228802038340466
outlier_neginf,one_step_governed_pva_direct,0.008403432049167141
outlier_neginf,one_step_governed_pva_direct,0.009900178116313966
outlier_neginf,one_step_governed_pva_direct,0.011163710205822403
outlier_neginf,one_step_governed_pva_direct,0.011616395059316421
outlier_neginf,one_step_governed_pva_direct,0.012785128939830274
outlier_neginf,one_step_governed_pva_direct,0.014512734143504265
outlier_neginf,one_step_governed_pva_direct,0.014958121604431409
outlier_neginf,one_step_governed_pva_direct,0.0152804972083459
outlier_neginf,one_step_governed_pva_direct,0.017301040167168664
outlier_neginf,one_step_governed_pva_direct,0.01850438004248158
outlier_neginf,one_step_governed_pva_direct,0.020234445933109243
outlier_neginf,one_step_governed_pva_direct,0.02309914589426036
outlier_neginf,one_step_governed_pva_direct,0.041683540953193425
outlier_neginf,one_step_governed_pva_direct,0.04777338500387165
outlier_neginf,one_step_governed_pva_direct,0.10365609913871698
outlier_neginf,one_step_governed_pva_direct,0.11088639484903541
outlier_posinf,deployed_p_only,0.006874039356929585
outlier_posinf,deployed_p_only,0.009380525250289961
outlier_posinf,deployed_p_only,0.016268328616014772
outlier_posinf,deployed_p_only,0.018620762748781397
outlier_posinf,deployed_p_only,0.019483357518539614
outlier_posinf,deployed_p_only,0.025161328079477723
outlier_posinf,deployed_p_only,0.026082950524989833
outlier_posinf,deployed_p_only,0.03407465300426195
outlier_posinf,deployed_p_only,0.034254997834200676
outlier_posinf,deployed_p_only,0.04589621935060577
outlier_posinf,deployed_p_only,0.052585709050457355
outlier_posinf,deployed_p_only,0.05782476477028953
outlier_posinf,deployed_p_only,0.08032176956320547
outlier_posinf,deployed_p_only,0.08527034301838067
outlier_posinf,deployed_p_only,0.12840271350748284
outlier_posinf,deployed_p_only,0.1442807576160493
outlier_posinf,deployed_p_only,0.18893811375339195
outlier_posinf,deployed_p_only,0.21323644514622192
outlier_posinf,deployed_p_only,0.2394506607902516
outlier_posinf,deployed_p_only,0.25017664381516946
outlier_posinf,deployed_p_only,0.26541988883672557
outlier_posinf,deployed_p_only,0.2753542178015222
outlier_posinf,deployed_p_only,0.30596222889653024
outlier_posinf,deployed_p_only,0.6527796647434405
outlier_posinf,one_step_governed_pva_direct,0.0022750025766673154
outlier_posinf,one_step_governed_pva_direct,0.0024810174158746887
outlier_posinf,one_step_governed_pva_direct,0.003967200898959002
outlier_posinf,one_step_governed_pva_direct,0.00445837641917334
outlier_posinf,one_step_governed_pva_direct,0.004916768937253909
outlier_posinf,one_step_governed_pva_direct,0.005414242355978352
outlier_posinf,one_step_governed_pva_direct,0.005563156293701637
outlier_posinf,one_step_governed_pva_direct,0.006228802038340466
outlier_posinf,one_step_governed_pva_direct,0.008403432049167141
outlier_posinf,one_step_governed_pva_direct,0.009900178116313966
outlier_posinf,one_step_governed_pva_direct,0.011163710205822403
outlier_posinf,one_step_governed_pva_direct,0.011616395059316421
outlier_posinf,one_step_governed_pva_direct,0.012785128939830274
outlier_posinf,one_step_governed_pva_direct,0.014512734143504265
outlier_posinf,one_step_governed_pva_direct,0.014958121604431409
outlier_posinf,one_step_governed_pva_direct,0.0152804972083459
outlier_posinf,one_step_governed_pva_direct,0.017301040167168664
outlier_posinf,one_step_governed_pva_direct,0.01850438004248158
outlier_posinf,one_step_governed_pva_direct,0.020234445933109243
outlier_posinf,one_step_governed_pva_direct,0.02309914589426036
outlier_posinf,one_step_governed_pva_direct,0.041683540953193425
outlier_posinf,one_step_governed_pva_direct,0.04777338500387165
outlier_posinf,one_step_governed_pva_direct,0.10365609913871698
outlier_posinf,one_step_governed_pva_direct,0.11088639484903541
outlier_spike,deployed_p_only,0.011221961235836932
outlier_spike,deployed_p_only,0.012312528224406451
outlier_spike,deployed_p_only,0.01866638009996108
outlier_spike,deployed_p_only,0.022470672348571277
outlier_spike,deployed_p_only,0.024049885036870403
outlier_spike,deployed_p_only,0.024578730638270926
outlier_spike,deployed_p_only,0.0289537815354581
outlier_spike,deployed_p_only,0.03391301913003728
outlier_spike,deployed_p_only,0.0343472009629854
outlier_spike,deployed_p_only,0.04641423622231469
outlier_spike,deployed_p_only,0.049845165612811486
outlier_spike,deployed_p_only,0.06115770283100539
outlier_spike,deployed_p_only,0.07985589060931125
outlier_spike,deployed_p_only,0.0860166155547366
outlier_spike,deployed_p_only,0.13115412405152166
outlier_spike,deployed_p_only,0.14434470710675973
outlier_spike,deployed_p_only,0.19189669907434068
outlier_spike,deployed_p_only,0.2160548618612612
outlier_spike,deployed_p_only,0.24190809703687438
outlier_spike,deployed_p_only,0.2524473442877668
outlier_spike,deployed_p_only,0.2614645009080263
outlier_spike,deployed_p_only,0.27289489607589046
outlier_spike,deployed_p_only,0.3040746118556521
outlier_spike,deployed_p_only,0.6534787763912425
outlier_spike,one_step_governed_pva_direct,0.007281645990616574
outlier_spike,one_step_governed_pva_direct,0.008435971095538359
outlier_spike,one_step_governed_pva_direct,0.009498323261732868
outlier_spike,one_step_governed_pva_direct,0.009766190086676115
outlier_spike,one_step_governed_pva_direct,0.010353616651190393
outlier_spike,one_step_governed_pva_direct,0.011223096587200537
outlier_spike,one_step_governed_pva_direct,0.011524919977357578
outlier_spike,one_step_governed_pva_direct,0.01845710399866938
outlier_spike,one_step_governed_pva_direct,0.018652837015201495
outlier_spike,one_step_governed_pva_direct,0.019817060363312405
outlier_spike,one_step_governed_pva_direct,0.01998231068859639
outlier_spike,one_step_governed_pva_direct,0.020285482379743543
outlier_spike,one_step_governed_pva_direct,0.021059317414803637
outlier_spike,one_step_governed_pva_direct,0.02155139366455702
outlier_spike,one_step_governed_pva_direct,0.024453099320238383
outlier_spike,one_step_governed_pva_direct,0.026471360001493194
outlier_spike,one_step_governed_pva_direct,0.02658203261535088
outlier_spike,one_step_governed_pva_direct,0.03100739402255607
outlier_spike,one_step_governed_pva_direct,0.032332029419467785
outlier_spike,one_step_governed_pva_direct,0.0397324882412769
outlier_spike,one_step_governed_pva_direct,0.07677559580850156
outlier_spike,one_step_governed_pva_direct,0.07684035954803102
outlier_spike,one_step_governed_pva_direct,0.08843995249340425
outlier_spike,one_step_governed_pva_direct,0.13162635343538964
quant_0.0001,deployed_p_only,0.006872546173768778
quant_0.0001,deployed_p_only,0.009389998709663663
quant_0.0001,deployed_p_only,0.016279796182294283
quant_0.0001,deployed_p_only,0.0186095851323772
quant_0.0001,deployed_p_only,0.0194802276854787
quant_0.0001,deployed_p_only,0.025173751233433118
quant_0.0001,deployed_p_only,0.026084097221264067
quant_0.0001,deployed_p_only,0.03407606024630111
quant_0.0001,deployed_p_only,0.034257924318264715
quant_0.0001,deployed_p_only,0.04588361964340054
quant_0.0001,deployed_p_only,0.05254245187735179
quant_0.0001,deployed_p_only,0.0578125339635482
quant_0.0001,deployed_p_only,0.08032006698053291
quant_0.0001,deployed_p_only,0.08527114139932089
quant_0.0001,deployed_p_only,0.12839442709856153
quant_0.0001,deployed_p_only,0.1442781294412673
quant_0.0001,deployed_p_only,0.18880204048866026
quant_0.0001,deployed_p_only,0.21409727160165737
quant_0.0001,deployed_p_only,0.2394197666029649
quant_0.0001,deployed_p_only,0.25029031761332776
quant_0.0001,deployed_p_only,0.26529141408132784
quant_0.0001,deployed_p_only,0.27527671134609405
quant_0.0001,deployed_p_only,0.3060587714495423
quant_0.0001,deployed_p_only,0.6527498242457482
quant_0.0001,one_step_governed_pva_direct,0.0020304279306629152
quant_0.0001,one_step_governed_pva_direct,0.0024729637415234628
quant_0.0001,one_step_governed_pva_direct,0.0031934340181479916
quant_0.0001,one_step_governed_pva_direct,0.004449709778671377
quant_0.0001,one_step_governed_pva_direct,0.004916447644190208
quant_0.0001,one_step_governed_pva_direct,0.005206177209271848
quant_0.0001,one_step_governed_pva_direct,0.00551977281453572
quant_0.0001,one_step_governed_pva_direct,0.005954281628188279
quant_0.0001,one_step_governed_pva_direct,0.008822581169866617
quant_0.0001,one_step_governed_pva_direct,0.010515444175712202
quant_0.0001,one_step_governed_pva_direct,0.01115247494224615
quant_0.0001,one_step_governed_pva_direct,0.011593806531281031
quant_0.0001,one_step_governed_pva_direct,0.013600212273709894
quant_0.0001,one_step_governed_pva_direct,0.014538483327172414
quant_0.0001,one_step_governed_pva_direct,0.014828408405830374
quant_0.0001,one_step_governed_pva_direct,0.015618546071014197
quant_0.0001,one_step_governed_pva_direct,0.016600148097557017
quant_0.0001,one_step_governed_pva_direct,0.018503994351528157
quant_0.0001,one_step_governed_pva_direct,0.020221927259279255
quant_0.0001,one_step_governed_pva_direct,0.023097234889939533
quant_0.0001,one_step_governed_pva_direct,0.0418967965360273
quant_0.0001,one_step_governed_pva_direct,0.04897967268719106
quant_0.0001,one_step_governed_pva_direct,0.10330639078789791
quant_0.0001,one_step_governed_pva_direct,0.11071943873345055
quant_0.001,deployed_p_only,0.006969558670309797
quant_0.001,deployed_p_only,0.009369781238573838
quant_0.001,deployed_p_only,0.01630662180155812
quant_0.001,deployed_p_only,0.018558328524855276
quant_0.001,deployed_p_only,0.019488121291932822
quant_0.001,deployed_p_only,0.02510855930434291
quant_0.001,deployed_p_only,0.026065741489115637
quant_0.001,deployed_p_only,0.034066928202424726
quant_0.001,deployed_p_only,0.03426627929601348
quant_0.001,deployed_p_only,0.04603556244582141
quant_0.001,deployed_p_only,0.05251418536942106
quant_0.001,deployed_p_only,0.057748942980161304
quant_0.001,deployed_p_only,0.08032552846970113
quant_0.001,deployed_p_only,0.08527669172925549
quant_0.001,deployed_p_only,0.1284022584259771
quant_0.001,deployed_p_only,0.1445329972131299
quant_0.001,deployed_p_only,0.18877877566774248
quant_0.001,deployed_p_only,0.21322323058979648
quant_0.001,deployed_p_only,0.23953806384391022
quant_0.001,deployed_p_only,0.25034784126132303
quant_0.001,deployed_p_only,0.26527019613550484
quant_0.001,deployed_p_only,0.27527897707078997
quant_0.001,deployed_p_only,0.30611470101804017
quant_0.001,deployed_p_only,0.6527950937733265
quant_0.001,one_step_governed_pva_direct,0.0006792497642253686
quant_0.001,one_step_governed_pva_direct,0.004239624922994939
quant_0.001,one_step_governed_pva_direct,0.006563665555314465
quant_0.001,one_step_governed_pva_direct,0.007711263652701191
quant_0.001,one_step_governed_pva_direct,0.010869926441211708
quant_0.001,one_step_governed_pva_direct,0.016034344985460632
quant_0.001,one_step_governed_pva_direct,0.01756849228522307
quant_0.001,one_step_governed_pva_direct,0.017752207813590923
quant_0.001,one_step_governed_pva_direct,0.020159079780926206
quant_0.001,one_step_governed_pva_direct,0.022364131744641035
quant_0.001,one_step_governed_pva_direct,0.024714532285121698
quant_0.001,one_step_governed_pva_direct,0.02622209754213952
quant_0.001,one_step_governed_pva_direct,0.026787319229172837
quant_0.001,one_step_governed_pva_direct,0.031056300115291827
quant_0.001,one_step_governed_pva_direct,0.03152400908772604
quant_0.001,one_step_governed_pva_direct,0.032682456632595225
quant_0.001,one_step_governed_pva_direct,0.038331888362275614
quant_0.001,one_step_governed_pva_direct,0.04306160814562496
quant_0.001,one_step_governed_pva_direct,0.044602183636867854
quant_0.001,one_step_governed_pva_direct,0.04672027452453833
quant_0.001,one_step_governed_pva_direct,0.06471428209717643
quant_0.001,one_step_governed_pva_direct,0.09666884630967881
quant_0.001,one_step_governed_pva_direct,0.11737729581135328
quant_0.001,one_step_governed_pva_direct,0.12056476437197071
quant_1e-05,deployed_p_only,0.006875264069634858
quant_1e-05,deployed_p_only,0.009389436054789067
quant_1e-05,deployed_p_only,0.016281555255279904
quant_1e-05,deployed_p_only,0.018625842930715484
quant_1e-05,deployed_p_only,0.01948506684343757
quant_1e-05,deployed_p_only,0.02516640970530692
quant_1e-05,deployed_p_only,0.026085287724672123
quant_1e-05,deployed_p_only,0.03407477791889226
quant_1e-05,deployed_p_only,0.03425514786428926
quant_1e-05,deployed_p_only,0.045894827592721114
quant_1e-05,deployed_p_only,0.05254835745436217
quant_1e-05,deployed_p_only,0.057818025614410615
quant_1e-05,deployed_p_only,0.08031897600860548
quant_1e-05,deployed_p_only,0.08526599654483152
quant_1e-05,deployed_p_only,0.12839329515015888
quant_1e-05,deployed_p_only,0.14428144092339226
quant_1e-05,deployed_p_only,0.18879998092352715
quant_1e-05,deployed_p_only,0.2132865683712317
quant_1e-05,deployed_p_only,0.239452841519882
quant_1e-05,deployed_p_only,0.2502813881721301
quant_1e-05,deployed_p_only,0.26529198316629415
quant_1e-05,deployed_p_only,0.27527808568576817
quant_1e-05,deployed_p_only,0.3060621335846917
quant_1e-05,deployed_p_only,0.6527358354026351
quant_1e-05,one_step_governed_pva_direct,0.002473412051690448
quant_1e-05,one_step_governed_pva_direct,0.0025498288199832923
quant_1e-05,one_step_governed_pva_direct,0.004000592577910752
quant_1e-05,one_step_governed_pva_direct,0.00445960576412739
quant_1e-05,one_step_governed_pva_direct,0.004912661901300288
quant_1e-05,one_step_governed_pva_direct,0.005251740370471845
quant_1e-05,one_step_governed_pva_direct,0.005467084911577988
quant_1e-05,one_step_governed_pva_direct,0.0054976911940299794
quant_1e-05,one_step_governed_pva_direct,0.00878588219701547
quant_1e-05,one_step_governed_pva_direct,0.009816425177584883
quant_1e-05,one_step_governed_pva_direct,0.011159686789121676
quant_1e-05,one_step_governed_pva_direct,0.01159255748702232
quant_1e-05,one_step_governed_pva_direct,0.012756280044004711
quant_1e-05,one_step_governed_pva_direct,0.014617721360347946
quant_1e-05,one_step_governed_pva_direct,0.01480344247122661
quant_1e-05,one_step_governed_pva_direct,0.01558853347905243
quant_1e-05,one_step_governed_pva_direct,0.01729673941148476
quant_1e-05,one_step_governed_pva_direct,0.018502682277516374
quant_1e-05,one_step_governed_pva_direct,0.0203652896351527
quant_1e-05,one_step_governed_pva_direct,0.023096218292011715
quant_1e-05,one_step_governed_pva_direct,0.04152731257283482
quant_1e-05,one_step_governed_pva_direct,0.04808927197374791
quant_1e-05,one_step_governed_pva_direct,0.10368199577525278
quant_1e-05,one_step_governed_pva_direct,0.10992170621763751
quant_1e-06,deployed_p_only,0.006874427385021556
quant_1e-06,deployed_p_only,0.009389079978867685
quant_1e-06,deployed_p_only,0.016281563777442762
quant_1e-06,deployed_p_only,0.01862554807866412
quant_1e-06,deployed_p_only,0.019483935974963496
quant_1e-06,deployed_p_only,0.025165848135874035
quant_1e-06,deployed_p_only,0.026085296300842154
quant_1e-06,deployed_p_only,0.034074565695480036
quant_1e-06,deployed_p_only,0.034255038218464796
quant_1e-06,deployed_p_only,0.045894671120533144
quant_1e-06,deployed_p_only,0.0525483790532764
quant_1e-06,deployed_p_only,0.05781901408853357
quant_1e-06,deployed_p_only,0.08031774776764083
quant_1e-06,deployed_p_only,0.08526644069167111
quant_1e-06,deployed_p_only,0.1283934556009784
quant_1e-06,deployed_p_only,0.14428107059889345
quant_1e-06,deployed_p_only,0.18880009929642938
quant_1e-06,deployed_p_only,0.2136277978590253
quant_1e-06,deployed_p_only,0.2394514952286898
quant_1e-06,deployed_p_only,0.25028032142644135
quant_1e-06,deployed_p_only,0.2652921148871262
quant_1e-06,deployed_p_only,0.2752775779217696
quant_1e-06,deployed_p_only,0.3060621095661711
quant_1e-06,deployed_p_only,0.6527358978003795
quant_1e-06,one_step_governed_pva_direct,0.002473360056068403
quant_1e-06,one_step_governed_pva_direct,0.002559507643505965
quant_1e-06,one_step_governed_pva_direct,0.0039533231423589735
quant_1e-06,one_step_governed_pva_direct,0.004452437940949304
quant_1e-06,one_step_governed_pva_direct,0.004916514365006076
quant_1e-06,one_step_governed_pva_direct,0.005247071890154636
quant_1e-06,one_step_governed_pva_direct,0.005511656759904262
quant_1e-06,one_step_governed_pva_direct,0.005558363681600944
quant_1e-06,one_step_governed_pva_direct,0.008812140538325224
quant_1e-06,one_step_governed_pva_direct,0.0098730404555605
quant_1e-06,one_step_governed_pva_direct,0.011152404389973516
quant_1e-06,one_step_governed_pva_direct,0.01159283770344776
quant_1e-06,one_step_governed_pva_direct,0.012811536152418998
quant_1e-06,one_step_governed_pva_direct,0.014585920716095177
quant_1e-06,one_step_governed_pva_direct,0.014804572677422257
quant_1e-06,one_step_governed_pva_direct,0.01558457343370883
quant_1e-06,one_step_governed_pva_direct,0.01727610177417582
quant_1e-06,one_step_governed_pva_direct,0.018501237954451823
quant_1e-06,one_step_governed_pva_direct,0.020377073873405264
quant_1e-06,one_step_governed_pva_direct,0.023095700430713354
quant_1e-06,one_step_governed_pva_direct,0.04150629939543025
quant_1e-06,one_step_governed_pva_direct,0.04812175034267782
quant_1e-06,one_step_governed_pva_direct,0.10359953959770256
quant_1e-06,one_step_governed_pva_direct,0.11003886596126662
timestamp_regression,deployed_p_only,0.006873729718826143
timestamp_regression,deployed_p_only,0.009388870133840483
timestamp_regression,deployed_p_only,0.016282439711395258
timestamp_regression,deployed_p_only,0.01862119734952385
timestamp_regression,deployed_p_only,0.019481968040710645
timestamp_regression,deployed_p_only,0.02516149481361167
timestamp_regression,deployed_p_only,0.02603728145930484
timestamp_regression,deployed_p_only,0.03406283522040722
timestamp_regression,deployed_p_only,0.03425522718889879
timestamp_regression,deployed_p_only,0.04590448008569407
timestamp_regression,deployed_p_only,0.052575886653794944
timestamp_regression,deployed_p_only,0.057823140543899414
timestamp_regression,deployed_p_only,0.08032616483084783
timestamp_regression,deployed_p_only,0.08527578728364127
timestamp_regression,deployed_p_only,0.128357470344042
timestamp_regression,deployed_p_only,0.14430106422079672
timestamp_regression,deployed_p_only,0.18890406514981145
timestamp_regression,deployed_p_only,0.21341118064393153
timestamp_regression,deployed_p_only,0.239445717381926
timestamp_regression,deployed_p_only,0.25020535256025267
timestamp_regression,deployed_p_only,0.2653617845433485
timestamp_regression,deployed_p_only,0.275300983624375
timestamp_regression,deployed_p_only,0.3060376253021412
timestamp_regression,deployed_p_only,0.6526807292930329
timestamp_regression,one_step_governed_pva_direct,0.002507589492199959
timestamp_regression,one_step_governed_pva_direct,0.0025970666804962595
timestamp_regression,one_step_governed_pva_direct,0.00396960965321004
timestamp_regression,one_step_governed_pva_direct,0.004456381839305917
timestamp_regression,one_step_governed_pva_direct,0.0049182520197531936
timestamp_regression,one_step_governed_pva_direct,0.005566249981542006
timestamp_regression,one_step_governed_pva_direct,0.005577597076653503
timestamp_regression,one_step_governed_pva_direct,0.00788736879341936
timestamp_regression,one_step_governed_pva_direct,0.008492841293645805
timestamp_regression,one_step_governed_pva_direct,0.009879264731818407
timestamp_regression,one_step_governed_pva_direct,0.011154747116393788
timestamp_regression,one_step_governed_pva_direct,0.01164689209622388
timestamp_regression,one_step_governed_pva_direct,0.012806336011820806
timestamp_regression,one_step_governed_pva_direct,0.014696658562482015
timestamp_regression,one_step_governed_pva_direct,0.015104346556438022
timestamp_regression,one_step_governed_pva_direct,0.015490539648816993
timestamp_regression,one_step_governed_pva_direct,0.017298155372878227
timestamp_regression,one_step_governed_pva_direct,0.018509391965824424
timestamp_regression,one_step_governed_pva_direct,0.020620398693560145
timestamp_regression,one_step_governed_pva_direct,0.023103767957316418
timestamp_regression,one_step_governed_pva_direct,0.0418339068670311
timestamp_regression,one_step_governed_pva_direct,0.04738468858419762
timestamp_regression,one_step_governed_pva_direct,0.103439422199323
timestamp_regression,one_step_governed_pva_direct,0.1109868732388882
white_0.0001,deployed_p_only,0.006866661512216231
white_0.0001,deployed_p_only,0.009386729260911872
white_0.0001,deployed_p_only,0.016280940424246604
white_0.0001,deployed_p_only,0.018621576151834924
white_0.0001,deployed_p_only,0.019475730641370235
white_0.0001,deployed_p_only,0.025160119744990436
white_0.0001,deployed_p_only,0.026086892539840596
white_0.0001,deployed_p_only,0.034076244531228705
white_0.0001,deployed_p_only,0.034264207993162155
white_0.0001,deployed_p_only,0.04588995220563529
white_0.0001,deployed_p_only,0.05255643204020217
white_0.0001,deployed_p_only,0.05782107678396918
white_0.0001,deployed_p_only,0.08031454128366633
white_0.0001,deployed_p_only,0.08526151898050068
white_0.0001,deployed_p_only,0.12839536922422629
white_0.0001,deployed_p_only,0.14428360770787865
white_0.0001,deployed_p_only,0.18879388812609352
white_0.0001,deployed_p_only,0.21361174456174942
white_0.0001,deployed_p_only,0.23944430566373584
white_0.0001,deployed_p_only,0.2502856022713998
white_0.0001,deployed_p_only,0.26530471983243226
white_0.0001,deployed_p_only,0.2752861119181336
white_0.0001,deployed_p_only,0.30606387242084104
white_0.0001,deployed_p_only,0.6527434812679016
white_0.0001,one_step_governed_pva_direct,0.0021309058959323754
white_0.0001,one_step_governed_pva_direct,0.0038793950889238825
white_0.0001,one_step_governed_pva_direct,0.004359326856008628
white_0.0001,one_step_governed_pva_direct,0.006114057055858119
white_0.0001,one_step_governed_pva_direct,0.00618621454554909
white_0.0001,one_step_governed_pva_direct,0.0073072298259496
white_0.0001,one_step_governed_pva_direct,0.008575022245630268
white_0.0001,one_step_governed_pva_direct,0.008623032077291959
white_0.0001,one_step_governed_pva_direct,0.010142780161387043
white_0.0001,one_step_governed_pva_direct,0.010944060343122317
white_0.0001,one_step_governed_pva_direct,0.011193899457149083
white_0.0001,one_step_governed_pva_direct,0.011732340268767563
white_0.0001,one_step_governed_pva_direct,0.013259597176719696
white_0.0001,one_step_governed_pva_direct,0.014218271320829624
white_0.0001,one_step_governed_pva_direct,0.016392398611960984
white_0.0001,one_step_governed_pva_direct,0.018004379737071564
white_0.0001,one_step_governed_pva_direct,0.018543892763676427
white_0.0001,one_step_governed_pva_direct,0.019085627750263283
white_0.0001,one_step_governed_pva_direct,0.020675582492803463
white_0.0001,one_step_governed_pva_direct,0.02314466251087535
white_0.0001,one_step_governed_pva_direct,0.0404467188810305
white_0.0001,one_step_governed_pva_direct,0.044976054482903254
white_0.0001,one_step_governed_pva_direct,0.10011714775672041
white_0.0001,one_step_governed_pva_direct,0.1076191970900944
white_1e-05,deployed_p_only,0.00687643324968159
white_1e-05,deployed_p_only,0.009388801991274048
white_1e-05,deployed_p_only,0.016281819977716657
white_1e-05,deployed_p_only,0.018626962132286845
white_1e-05,deployed_p_only,0.019485538415567
white_1e-05,deployed_p_only,0.02516740801547592
white_1e-05,deployed_p_only,0.026085853396900848
white_1e-05,deployed_p_only,0.03407506626415453
white_1e-05,deployed_p_only,0.0342548886625434
white_1e-05,deployed_p_only,0.04589506247775966
white_1e-05,deployed_p_only,0.05254819800710969
white_1e-05,deployed_p_only,0.05781820668610988
white_1e-05,deployed_p_only,0.08031959179258127
white_1e-05,deployed_p_only,0.08526509331838579
white_1e-05,deployed_p_only,0.12839327523764563
white_1e-05,deployed_p_only,0.14428017046551914
white_1e-05,deployed_p_only,0.1888000868090953
white_1e-05,deployed_p_only,0.21327915957894733
white_1e-05,deployed_p_only,0.23945305635418565
white_1e-05,deployed_p_only,0.2502804975856589
white_1e-05,deployed_p_only,0.26529055303550475
white_1e-05,deployed_p_only,0.2752764221956049
white_1e-05,deployed_p_only,0.3060600195636878
white_1e-05,deployed_p_only,0.6527365848402511
white_1e-05,one_step_governed_pva_direct,0.0024678715343208406
white_1e-05,one_step_governed_pva_direct,0.0025527509584263607
white_1e-05,one_step_governed_pva_direct,0.0039666767441414105
white_1e-05,one_step_governed_pva_direct,0.004455790559612268
white_1e-05,one_step_governed_pva_direct,0.0049152005108558635
white_1e-05,one_step_governed_pva_direct,0.005248816648409565
white_1e-05,one_step_governed_pva_direct,0.005500563149224572
white_1e-05,one_step_governed_pva_direct,0.005578784128051796
white_1e-05,one_step_governed_pva_direct,0.008829571297964576
white_1e-05,one_step_governed_pva_direct,0.00988867905417009
white_1e-05,one_step_governed_pva_direct,0.0111491979247869
white_1e-05,one_step_governed_pva_direct,0.011585095162853732
white_1e-05,one_step_governed_pva_direct,0.012791263617050372
white_1e-05,one_step_governed_pva_direct,0.014601500068205549
white_1e-05,one_step_governed_pva_direct,0.014811444417027989
white_1e-05,one_step_governed_pva_direct,0.015579250798437205
white_1e-05,one_step_governed_pva_direct,0.0172957479080584
white_1e-05,one_step_governed_pva_direct,0.018503018878075417
white_1e-05,one_step_governed_pva_direct,0.02036770780605865
white_1e-05,one_step_governed_pva_direct,0.023096746872463207
white_1e-05,one_step_governed_pva_direct,0.04148735745685657
white_1e-05,one_step_governed_pva_direct,0.04810294959880623
white_1e-05,one_step_governed_pva_direct,0.10358101285773633
white_1e-05,one_step_governed_pva_direct,0.10975281531901988
white_1e-06,deployed_p_only,0.006874473053685506
white_1e-06,deployed_p_only,0.009389075477789242
white_1e-06,deployed_p_only,0.016281628072282835
white_1e-06,deployed_p_only,0.018625535233084238
white_1e-06,deployed_p_only,0.019483955476539933
white_1e-06,deployed_p_only,0.025165887820429774
white_1e-06,deployed_p_only,0.026085238670853036
white_1e-06,deployed_p_only,0.03407456401574291
white_1e-06,deployed_p_only,0.0342550062849202
white_1e-06,deployed_p_only,0.045894639317588755
white_1e-06,deployed_p_only,0.05254827583268424
white_1e-06,deployed_p_only,0.05781910422084988
white_1e-06,deployed_p_only,0.08031775816911643
white_1e-06,deployed_p_only,0.08526649244400467
white_1e-06,deployed_p_only,0.1283935112615455
white_1e-06,deployed_p_only,0.144281002170895
white_1e-06,deployed_p_only,0.18880013810139717
white_1e-06,deployed_p_only,0.21337415848566557
white_1e-06,deployed_p_only,0.23945143576915723
white_1e-06,deployed_p_only,0.2502802939060025
white_1e-06,deployed_p_only,0.26529202393919943
white_1e-06,deployed_p_only,0.2752775026344203
white_1e-06,deployed_p_only,0.30606223969274854
white_1e-06,deployed_p_only,0.6527359197223653
white_1e-06,one_step_governed_pva_direct,0.0024729220972093276
white_1e-06,one_step_governed_pva_direct,0.0025612600615148883
white_1e-06,one_step_governed_pva_direct,0.003953838390358682
white_1e-06,one_step_governed_pva_direct,0.004452700702462098
white_1e-06,one_step_governed_pva_direct,0.004916784619895499
white_1e-06,one_step_governed_pva_direct,0.005247791837464449
white_1e-06,one_step_governed_pva_direct,0.005510591979081879
white_1e-06,one_step_governed_pva_direct,0.005566546494039592
white_1e-06,one_step_governed_pva_direct,0.008815813551315377
white_1e-06,one_step_governed_pva_direct,0.009875319937297025
white_1e-06,one_step_governed_pva_direct,0.011150979372246421
white_1e-06,one_step_governed_pva_direct,0.01159285351461262
white_1e-06,one_step_governed_pva_direct,0.012801349245384215
white_1e-06,one_step_governed_pva_direct,0.01458850983931951
white_1e-06,one_step_governed_pva_direct,0.014804528529758781
white_1e-06,one_step_governed_pva_direct,0.01558491209952168
white_1e-06,one_step_governed_pva_direct,0.01728295939494355
white_1e-06,one_step_governed_pva_direct,0.018501326250912112
white_1e-06,one_step_governed_pva_direct,0.020376770812820823
white_1e-06,one_step_governed_pva_direct,0.023095231056435232
white_1e-06,one_step_governed_pva_direct,0.04150332114383727
white_1e-06,one_step_governed_pva_direct,0.04811569986121647
white_1e-06,one_step_governed_pva_direct,0.10359266830313692
white_1e-06,one_step_governed_pva_direct,0.11005424686364527
