method,governor_position_distortion_rmse,one_step_reachable_rate
jerk_qp_pva_direct,0.0003094387700184012,1.0
jerk_qp_pva_direct,0.0005490895888694389,1.0
jerk_qp_pva_direct,0.0005765876131422134,1.0
jerk_qp_pva_direct,0.0006042930419520606,1.0
jerk_qp_pva_direct,0.0008275415332909252,1.0
jerk_qp_pva_direct,0.0008353766289451584,1.0
jerk_qp_pva_direct,0.0008812555338523551,1.0
jerk_qp_pva_direct,0.0009085883605671377,1.0
jerk_qp_pva_direct,0.0009438240203208829,1.0
jerk_qp_pva_direct,0.0009897085106231492,1.0
jerk_qp_pva_direct,0.0010317121363695935,1.0
jerk_qp_pva_direct,0.00103195628865726,1.0
jerk_qp_pva_direct,0.0010479764950481376,1.0
jerk_qp_pva_direct,0.0011858383106536793,1.0
jerk_qp_pva_direct,0.0012007227145410212,1.0
jerk_qp_pva_direct,0.0012339274992645153,1.0
jerk_qp_pva_direct,0.0012499214961661088,1.0
jerk_qp_pva_direct,0.001329743148339117,1.0
jerk_qp_pva_direct,0.0013322300891990759,1.0
jerk_qp_pva_direct,0.0013811214864195309,1.0
jerk_qp_pva_direct,0.001409943888908388,1.0
jerk_qp_pva_direct,0.0014801100220044445,1.0
jerk_qp_pva_direct,0.0017607801094319535,1.0
jerk_qp_pva_direct,0.001806724472578467,1.0
jerk_qp_pva_direct,0.002311705269123227,1.0
jerk_qp_pva_direct,0.0023334525681843214,1.0
jerk_qp_pva_direct,0.0023806138914157396,1.0
jerk_qp_pva_direct,0.0023928919683462737,1.0
jerk_qp_pva_direct,0.0024042892395504107,1.0
jerk_qp_pva_direct,0.002415658257147372,1.0
jerk_qp_pva_direct,0.0024788633546244786,1.0
jerk_qp_pva_direct,0.002499062871482081,1.0
jerk_qp_pva_direct,0.0025095215029017123,1.0
jerk_qp_pva_direct,0.002703118930140116,1.0
jerk_qp_pva_direct,0.0027562364050723698,1.0
jerk_qp_pva_direct,0.0027577456758342556,1.0
jerk_qp_pva_direct,0.0027926715570974554,1.0
jerk_qp_pva_direct,0.002958910701931287,1.0
jerk_qp_pva_direct,0.003054786867677846,1.0
jerk_qp_pva_direct,0.003124765779967509,1.0
jerk_qp_pva_direct,0.003272689684098079,1.0
jerk_qp_pva_direct,0.003284019161256644,1.0
jerk_qp_pva_direct,0.0033664421707907434,1.0
jerk_qp_pva_direct,0.0034479988099493483,1.0
jerk_qp_pva_direct,0.0035037295693311574,1.0
jerk_qp_pva_direct,0.0036280154542496904,1.0
jerk_qp_pva_direct,0.0036742883084373195,1.0
jerk_qp_pva_direct,0.0037362309355948734,1.0
jerk_qp_pva_direct,0.003767779696984197,1.0
jerk_qp_pva_direct,0.003771175577956068,1.0
jerk_qp_pva_direct,0.0038115532996251048,1.0
jerk_qp_pva_direct,0.0038545681992816407,1.0
jerk_qp_pva_direct,0.0038876353830092037,1.0
jerk_qp_pva_direct,0.0039025450569358166,1.0
jerk_qp_pva_direct,0.00393026631511096,1.0
jerk_qp_pva_direct,0.004007813526828084,1.0
jerk_qp_pva_direct,0.004038612500035551,1.0
jerk_qp_pva_direct,0.004113398593367116,1.0
jerk_qp_pva_direct,0.004169982810483688,1.0
jerk_qp_pva_direct,0.004237185116508037,1.0
jerk_qp_pva_direct,0.004322999346867777,1.0
jerk_qp_pva_direct,0.004333155008454609,1.0
jerk_qp_pva_direct,0.004346456013938305,1.0
jerk_qp_pva_direct,0.004384924609481534,1.0
jerk_qp_pva_direct,0.0046476918467666314,1.0
jerk_qp_pva_direct,0.004907281974759726,1.0
jerk_qp_pva_direct,0.004985915381311662,1.0
jerk_qp_pva_direct,0.005072683830604756,1.0
jerk_qp_pva_direct,0.00507356468727589,1.0
jerk_qp_pva_direct,0.0051929639074520945,1.0
jerk_qp_pva_direct,0.005235181931054487,1.0
jerk_qp_pva_direct,0.005760700121804827,1.0
jerk_qp_pva_direct,0.005932571095474831,1.0
jerk_qp_pva_direct,0.006867320947942279,1.0
jerk_qp_pva_direct,0.007044825384137844,1.0
jerk_qp_pva_direct,0.00731230216003598,1.0
jerk_qp_pva_direct,0.0073218040478100965,1.0
jerk_qp_pva_direct,0.007374336472107439,1.0
jerk_qp_pva_direct,0.008171040004550306,1.0
jerk_qp_pva_direct,0.00821823763496747,1.0
jerk_qp_pva_direct,0.009127062210969067,1.0
jerk_qp_pva_direct,0.009235334920273173,1.0
jerk_qp_pva_direct,0.009533924207114831,1.0
jerk_qp_pva_direct,0.010371812473450995,1.0
jerk_qp_pva_direct,0.012023525192192656,1.0
jerk_qp_pva_direct,0.012195929465225854,1.0
jerk_qp_pva_direct,0.012372862263874808,1.0
jerk_qp_pva_direct,0.012718473780182843,1.0
jerk_qp_pva_direct,0.013099081051563368,1.0
jerk_qp_pva_direct,0.013547636056776188,1.0
jerk_qp_pva_direct,0.013665444095306286,1.0
jerk_qp_pva_direct,0.013713418740929226,1.0
jerk_qp_pva_direct,0.015590570659683507,1.0
jerk_qp_pva_direct,0.01594275519366145,1.0
jerk_qp_pva_direct,0.018723311716449,1.0
jerk_qp_pva_direct,0.018918883083534264,1.0
jerk_qp_pva_direct,0.021643053804356403,1.0
jerk_qp_pva_direct,0.02192237915263179,1.0
jerk_qp_pva_direct,0.023695329596592374,1.0
jerk_qp_pva_direct,0.024062782612933518,1.0
jerk_qp_pva_direct,0.024691327159328213,1.0
jerk_qp_pva_direct,0.026865534282675428,1.0
jerk_qp_pva_direct,0.038353300713245456,1.0
jerk_qp_pva_direct,0.04151330829727924,1.0
jerk_qp_pva_direct,0.044431501937254265,1.0
jerk_qp_pva_direct,0.05046274177431934,1.0
jerk_qp_pva_direct,0.07593398929145541,1.0
jerk_qp_pva_direct,0.08225978102780705,1.0
jerk_qp_pva_direct,0.09726420438623383,1.0
jerk_qp_pva_direct,0.09845254599855195,1.0
jerk_qp_pva_direct,0.09994699160404076,1.0
jerk_qp_pva_direct,0.1181994592742593,1.0
jerk_qp_pva_direct,0.12493272118756385,1.0
jerk_qp_pva_direct,0.13664457329719681,1.0
jerk_qp_pva_direct,0.16106111929963485,1.0
jerk_qp_pva_direct,0.1723973412543667,1.0
jerk_qp_pva_direct,0.22682085750695619,1.0
jerk_qp_pva_direct,0.28684591991441044,1.0
jerk_qp_pva_direct,0.4246255337199858,1.0
jerk_qp_pva_direct,0.4988325560949979,1.0
jerk_qp_pva_ruckig,0.00030943877001853644,1.0
jerk_qp_pva_ruckig,0.00054908958889326,1.0
jerk_qp_pva_ruckig,0.0005765876135798369,1.0
jerk_qp_pva_ruckig,0.0006042930420660223,1.0
jerk_qp_pva_ruckig,0.0008275415493434547,1.0
jerk_qp_pva_ruckig,0.0008353766784738294,1.0
jerk_qp_pva_ruckig,0.0008812555333875884,1.0
jerk_qp_pva_ruckig,0.0009085883605672548,1.0
jerk_qp_pva_ruckig,0.0009438240182665726,1.0
jerk_qp_pva_ruckig,0.0009897087091995712,1.0
jerk_qp_pva_ruckig,0.0010317121375193051,1.0
jerk_qp_pva_ruckig,0.001031956334567994,1.0
jerk_qp_pva_ruckig,0.00104797643865139,1.0
jerk_qp_pva_ruckig,0.0011858383106384967,1.0
jerk_qp_pva_ruckig,0.0012007227146515784,1.0
jerk_qp_pva_ruckig,0.0012339274992856394,1.0
jerk_qp_pva_ruckig,0.0012499214961669664,1.0
jerk_qp_pva_ruckig,0.0013297431483686834,1.0
jerk_qp_pva_ruckig,0.001332230087703477,1.0
jerk_qp_pva_ruckig,0.0013811188905629014,1.0
jerk_qp_pva_ruckig,0.0014099439393560438,1.0
jerk_qp_pva_ruckig,0.0014801100142407154,1.0
jerk_qp_pva_ruckig,0.0017607801094306817,1.0
jerk_qp_pva_ruckig,0.0018067203326963294,1.0
jerk_qp_pva_ruckig,0.0023117052693329325,1.0
jerk_qp_pva_ruckig,0.002333452620831949,1.0
jerk_qp_pva_ruckig,0.0023806138914494786,1.0
jerk_qp_pva_ruckig,0.0023928921606653037,1.0
jerk_qp_pva_ruckig,0.00240428944267381,1.0
jerk_qp_pva_ruckig,0.002415658200815826,1.0
jerk_qp_pva_ruckig,0.0024788633058415305,1.0
jerk_qp_pva_ruckig,0.002499065320108265,1.0
jerk_qp_pva_ruckig,0.002509521460475242,1.0
jerk_qp_pva_ruckig,0.002703118930644043,1.0
jerk_qp_pva_ruckig,0.002756237174663957,1.0
jerk_qp_pva_ruckig,0.0027577456757600124,1.0
jerk_qp_pva_ruckig,0.0027926715571132423,1.0
jerk_qp_pva_ruckig,0.002958910701212742,1.0
jerk_qp_pva_ruckig,0.00305478702313641,1.0
jerk_qp_pva_ruckig,0.003124765779750829,1.0
jerk_qp_pva_ruckig,0.0032726901382902607,1.0
jerk_qp_pva_ruckig,0.0032840191625233004,1.0
jerk_qp_pva_ruckig,0.0033664417557807834,1.0
jerk_qp_pva_ruckig,0.003447998852485486,1.0
jerk_qp_pva_ruckig,0.003503729730314159,1.0
jerk_qp_pva_ruckig,0.0036280154554649826,1.0
jerk_qp_pva_ruckig,0.0036742882077308763,1.0
jerk_qp_pva_ruckig,0.003736231561481482,1.0
jerk_qp_pva_ruckig,0.00376777941994679,1.0
jerk_qp_pva_ruckig,0.0037711755779373207,1.0
jerk_qp_pva_ruckig,0.0038115532996075845,1.0
jerk_qp_pva_ruckig,0.003854568199279627,1.0
jerk_qp_pva_ruckig,0.003887635444692901,1.0
jerk_qp_pva_ruckig,0.003902545056889471,1.0
jerk_qp_pva_ruckig,0.003930266434958049,1.0
jerk_qp_pva_ruckig,0.004007813544384958,1.0
jerk_qp_pva_ruckig,0.004038612335679918,1.0
jerk_qp_pva_ruckig,0.004113398593303551,1.0
jerk_qp_pva_ruckig,0.004169983362175699,1.0
jerk_qp_pva_ruckig,0.004237185147135547,1.0
jerk_qp_pva_ruckig,0.004322999830368026,1.0
jerk_qp_pva_ruckig,0.004333155008453124,1.0
jerk_qp_pva_ruckig,0.004346456427487225,1.0
jerk_qp_pva_ruckig,0.0043849291070816145,1.0
jerk_qp_pva_ruckig,0.004647691846759374,1.0
jerk_qp_pva_ruckig,0.004907281974910089,1.0
jerk_qp_pva_ruckig,0.004985915583172708,1.0
jerk_qp_pva_ruckig,0.005072683830602776,1.0
jerk_qp_pva_ruckig,0.005073564705533281,1.0
jerk_qp_pva_ruckig,0.005192964815038603,1.0
jerk_qp_pva_ruckig,0.005235181931835475,1.0
jerk_qp_pva_ruckig,0.005760700121802329,1.0
jerk_qp_pva_ruckig,0.005932571158787339,1.0
jerk_qp_pva_ruckig,0.006867320946967143,1.0
jerk_qp_pva_ruckig,0.007044824946340857,1.0
jerk_qp_pva_ruckig,0.007312302160022991,1.0
jerk_qp_pva_ruckig,0.007321804047449629,1.0
jerk_qp_pva_ruckig,0.007374336618913616,1.0
jerk_qp_pva_ruckig,0.008171040005441752,1.0
jerk_qp_pva_ruckig,0.008218237634858622,1.0
jerk_qp_pva_ruckig,0.009127062210068834,1.0
jerk_qp_pva_ruckig,0.009235334920994724,1.0
jerk_qp_pva_ruckig,0.009533927941001663,1.0
jerk_qp_pva_ruckig,0.010371812471646124,1.0
jerk_qp_pva_ruckig,0.012023522592896492,1.0
jerk_qp_pva_ruckig,0.012195929974446141,1.0
jerk_qp_pva_ruckig,0.012372862671065769,1.0
jerk_qp_pva_ruckig,0.012718473812794286,1.0
jerk_qp_pva_ruckig,0.013099081965005427,1.0
jerk_qp_pva_ruckig,0.013547632170890158,1.0
jerk_qp_pva_ruckig,0.013665444209778312,1.0
jerk_qp_pva_ruckig,0.013713419026597338,1.0
jerk_qp_pva_ruckig,0.015590570557613101,1.0
jerk_qp_pva_ruckig,0.01594275569411582,1.0
jerk_qp_pva_ruckig,0.01872330867245268,1.0
jerk_qp_pva_ruckig,0.018918881143392213,1.0
jerk_qp_pva_ruckig,0.02164305379849208,1.0
jerk_qp_pva_ruckig,0.02192237744547907,1.0
jerk_qp_pva_ruckig,0.02369532959687607,1.0
jerk_qp_pva_ruckig,0.02406278261293332,1.0
jerk_qp_pva_ruckig,0.0246913274093516,1.0
jerk_qp_pva_ruckig,0.02686553386843202,1.0
jerk_qp_pva_ruckig,0.03835330071324566,1.0
jerk_qp_pva_ruckig,0.041513309372775906,1.0
jerk_qp_pva_ruckig,0.044431501860208375,1.0
jerk_qp_pva_ruckig,0.050462741704888375,1.0
jerk_qp_pva_ruckig,0.07593398913594064,1.0
jerk_qp_pva_ruckig,0.08225978075254507,1.0
jerk_qp_pva_ruckig,0.09726420355900219,1.0
jerk_qp_pva_ruckig,0.0984525407591763,1.0
jerk_qp_pva_ruckig,0.09994699119997566,1.0
jerk_qp_pva_ruckig,0.11819945927425918,1.0
jerk_qp_pva_ruckig,0.12493272118756373,1.0
jerk_qp_pva_ruckig,0.13664457415355188,1.0
jerk_qp_pva_ruckig,0.16106111900504375,1.0
jerk_qp_pva_ruckig,0.17239734168093854,1.0
jerk_qp_pva_ruckig,0.2268208574455839,1.0
jerk_qp_pva_ruckig,0.28684591709319573,1.0
jerk_qp_pva_ruckig,0.4246255336880991,1.0
jerk_qp_pva_ruckig,0.49883255521686326,1.0
one_step_governed_pva_direct,0.00048783488897856587,1.0
one_step_governed_pva_direct,0.000499430512078635,1.0
one_step_governed_pva_direct,0.0009052749403251848,1.0
one_step_governed_pva_direct,0.0011127429382726158,1.0
one_step_governed_pva_direct,0.0011424368229005308,1.0
one_step_governed_pva_direct,0.0011967162285436846,1.0
one_step_governed_pva_direct,0.0012067900948601127,1.0
one_step_governed_pva_direct,0.0012199834706864347,1.0
one_step_governed_pva_direct,0.0012410046274573842,1.0
one_step_governed_pva_direct,0.0012558845202011077,1.0
one_step_governed_pva_direct,0.0014899296048434725,1.0
one_step_governed_pva_direct,0.0015057515147470482,1.0
one_step_governed_pva_direct,0.0016545398715256754,1.0
one_step_governed_pva_direct,0.0017641283914262393,1.0
one_step_governed_pva_direct,0.0018070877818311874,1.0
one_step_governed_pva_direct,0.0018099689435208532,1.0
one_step_governed_pva_direct,0.0018247422696805542,1.0
one_step_governed_pva_direct,0.0019214377553591869,1.0
one_step_governed_pva_direct,0.002014000579632104,1.0
one_step_governed_pva_direct,0.002159378770747032,1.0
one_step_governed_pva_direct,0.0021594632447070037,1.0
one_step_governed_pva_direct,0.0021665663282429627,1.0
one_step_governed_pva_direct,0.002345891212438246,1.0
one_step_governed_pva_direct,0.0025515920656583157,1.0
one_step_governed_pva_direct,0.00272024381137455,1.0
one_step_governed_pva_direct,0.0028368218029627443,1.0
one_step_governed_pva_direct,0.002840281304529025,1.0
one_step_governed_pva_direct,0.0029406549740588817,1.0
one_step_governed_pva_direct,0.0030027772785769903,1.0
one_step_governed_pva_direct,0.003291266794713022,1.0
one_step_governed_pva_direct,0.0033655875476483756,1.0
one_step_governed_pva_direct,0.003397908736606056,1.0
one_step_governed_pva_direct,0.003761497157098056,1.0
one_step_governed_pva_direct,0.003812509996547386,1.0
one_step_governed_pva_direct,0.0038293245758548714,1.0
one_step_governed_pva_direct,0.003935900345822621,1.0
one_step_governed_pva_direct,0.004029979405766245,1.0
one_step_governed_pva_direct,0.004097491874457841,1.0
one_step_governed_pva_direct,0.004225585935826581,1.0
one_step_governed_pva_direct,0.00429828036588167,1.0
one_step_governed_pva_direct,0.004321290428985715,1.0
one_step_governed_pva_direct,0.004382515308189326,1.0
one_step_governed_pva_direct,0.004481939822788379,1.0
one_step_governed_pva_direct,0.004492737365715415,1.0
one_step_governed_pva_direct,0.004666191927855171,1.0
one_step_governed_pva_direct,0.004817031596355359,1.0
one_step_governed_pva_direct,0.0048757246509634235,1.0
one_step_governed_pva_direct,0.0048821938350384125,1.0
one_step_governed_pva_direct,0.004938249773554839,1.0
one_step_governed_pva_direct,0.0051507206054199365,1.0
one_step_governed_pva_direct,0.0051717364850521665,1.0
one_step_governed_pva_direct,0.005226976927936492,1.0
one_step_governed_pva_direct,0.005229980118712092,1.0
one_step_governed_pva_direct,0.005254036252993223,1.0
one_step_governed_pva_direct,0.005458096150112558,1.0
one_step_governed_pva_direct,0.00561929758178513,1.0
one_step_governed_pva_direct,0.006052059879477109,1.0
one_step_governed_pva_direct,0.007091139516703119,1.0
one_step_governed_pva_direct,0.007430222443515852,1.0
one_step_governed_pva_direct,0.007669652094723557,1.0
one_step_governed_pva_direct,0.007734038503945661,1.0
one_step_governed_pva_direct,0.007748178256027293,1.0
one_step_governed_pva_direct,0.007904346861577559,1.0
one_step_governed_pva_direct,0.00792596673066231,1.0
one_step_governed_pva_direct,0.008035153979654654,1.0
one_step_governed_pva_direct,0.008094965096355308,1.0
one_step_governed_pva_direct,0.008351484632997123,1.0
one_step_governed_pva_direct,0.008546268240067956,1.0
one_step_governed_pva_direct,0.008685033670248277,1.0
one_step_governed_pva_direct,0.009102395032423239,1.0
one_step_governed_pva_direct,0.009231532818097805,1.0
one_step_governed_pva_direct,0.009614593713891497,1.0
one_step_governed_pva_direct,0.009750866667958174,1.0
one_step_governed_pva_direct,0.009855765175781673,1.0
one_step_governed_pva_direct,0.009970889837145573,1.0
one_step_governed_pva_direct,0.01016419847303817,1.0
one_step_governed_pva_direct,0.010186077836973964,1.0
one_step_governed_pva_direct,0.010229722796686111,1.0
one_step_governed_pva_direct,0.01045470728448508,1.0
one_step_governed_pva_direct,0.010865354290915816,1.0
one_step_governed_pva_direct,0.011143753945561004,1.0
one_step_governed_pva_direct,0.011459882623351897,1.0
one_step_governed_pva_direct,0.011468382986288257,1.0
one_step_governed_pva_direct,0.011974594896337506,1.0
one_step_governed_pva_direct,0.01255655110502473,1.0
one_step_governed_pva_direct,0.01308362799966153,1.0
one_step_governed_pva_direct,0.01389793572087263,1.0
one_step_governed_pva_direct,0.014004124983869576,1.0
one_step_governed_pva_direct,0.014176236058798366,1.0
one_step_governed_pva_direct,0.014509868317636936,1.0
one_step_governed_pva_direct,0.015571270531354502,1.0
one_step_governed_pva_direct,0.0156555157687199,1.0
one_step_governed_pva_direct,0.01722278977499816,1.0
one_step_governed_pva_direct,0.01755222838974424,1.0
one_step_governed_pva_direct,0.01959647958068508,1.0
one_step_governed_pva_direct,0.021217783595407092,1.0
one_step_governed_pva_direct,0.022439762391368065,1.0
one_step_governed_pva_direct,0.024210281801025784,1.0
one_step_governed_pva_direct,0.02527106518869651,1.0
one_step_governed_pva_direct,0.026986585834658194,1.0
one_step_governed_pva_direct,0.02729196553840942,1.0
one_step_governed_pva_direct,0.03280806918175451,1.0
one_step_governed_pva_direct,0.03707320667280761,1.0
one_step_governed_pva_direct,0.045780023664101194,1.0
one_step_governed_pva_direct,0.048149530506081506,1.0
one_step_governed_pva_direct,0.05348308794524354,1.0
one_step_governed_pva_direct,0.07665201300963917,1.0
one_step_governed_pva_direct,0.08783847425001964,1.0
one_step_governed_pva_direct,0.10322390364034822,1.0
one_step_governed_pva_direct,0.10367239440831208,1.0
one_step_governed_pva_direct,0.10995640127711931,1.0
one_step_governed_pva_direct,0.11536107202410995,1.0
one_step_governed_pva_direct,0.12282715006384302,1.0
one_step_governed_pva_direct,0.14915415636350646,1.0
one_step_governed_pva_direct,0.16617646941450315,1.0
one_step_governed_pva_direct,0.18410379775674926,1.0
one_step_governed_pva_direct,0.2711380654162854,1.0
one_step_governed_pva_direct,0.28011177601810533,1.0
one_step_governed_pva_direct,0.6482704937202299,1.0
one_step_governed_pva_direct,0.9433749309517049,1.0
one_step_governed_pva_ruckig,0.0004878348889714546,1.0
one_step_governed_pva_ruckig,0.0004994305203023651,1.0
one_step_governed_pva_ruckig,0.0009052749403253776,1.0
one_step_governed_pva_ruckig,0.0011127429382728113,1.0
one_step_governed_pva_ruckig,0.001142436822900507,1.0
one_step_governed_pva_ruckig,0.0011967162285435845,1.0
one_step_governed_pva_ruckig,0.001206790094903019,1.0
one_step_governed_pva_ruckig,0.0012199834703256278,1.0
one_step_governed_pva_ruckig,0.0012410046274574777,1.0
one_step_governed_pva_ruckig,0.0012558844662567028,1.0
one_step_governed_pva_ruckig,0.0014899296048449826,1.0
one_step_governed_pva_ruckig,0.001505751523604758,1.0
one_step_governed_pva_ruckig,0.0016545398981867455,1.0
one_step_governed_pva_ruckig,0.0017641283902910625,1.0
one_step_governed_pva_ruckig,0.0018070878299314885,1.0
one_step_governed_pva_ruckig,0.0018099689682389156,1.0
one_step_governed_pva_ruckig,0.0018247422696706882,1.0
one_step_governed_pva_ruckig,0.0019214377557005057,1.0
one_step_governed_pva_ruckig,0.002014000579989977,1.0
one_step_governed_pva_ruckig,0.0021593787477074957,1.0
one_step_governed_pva_ruckig,0.002159463243967494,1.0
one_step_governed_pva_ruckig,0.0021665669215294495,1.0
one_step_governed_pva_ruckig,0.0023458912124388245,1.0
one_step_governed_pva_ruckig,0.0025515922000728278,1.0
one_step_governed_pva_ruckig,0.00272024383958298,1.0
one_step_governed_pva_ruckig,0.002836821795899822,1.0
one_step_governed_pva_ruckig,0.0028402813002188715,1.0
one_step_governed_pva_ruckig,0.002940654974455367,1.0
one_step_governed_pva_ruckig,0.0030027772792139344,1.0
one_step_governed_pva_ruckig,0.003291266794952435,1.0
one_step_governed_pva_ruckig,0.003365587548146339,1.0
one_step_governed_pva_ruckig,0.0033979087366082217,1.0
one_step_governed_pva_ruckig,0.0037614972096918445,1.0
one_step_governed_pva_ruckig,0.003812509991541256,1.0
one_step_governed_pva_ruckig,0.003829324575854737,1.0
one_step_governed_pva_ruckig,0.003935900341014813,1.0
one_step_governed_pva_ruckig,0.004029979400855162,1.0
one_step_governed_pva_ruckig,0.004097492782001607,1.0
one_step_governed_pva_ruckig,0.00422558592152585,1.0
one_step_governed_pva_ruckig,0.0042982804198131875,1.0
one_step_governed_pva_ruckig,0.004321290428987033,1.0
one_step_governed_pva_ruckig,0.004382515308189532,1.0
one_step_governed_pva_ruckig,0.004481939838364666,1.0
one_step_governed_pva_ruckig,0.004492737365548772,1.0
one_step_governed_pva_ruckig,0.004666191927933037,1.0
one_step_governed_pva_ruckig,0.004817031572016596,1.0
one_step_governed_pva_ruckig,0.004875725553022708,1.0
one_step_governed_pva_ruckig,0.004882194957009801,1.0
one_step_governed_pva_ruckig,0.004938248754724785,1.0
one_step_governed_pva_ruckig,0.005150720910639809,1.0
one_step_governed_pva_ruckig,0.005171736485061819,1.0
one_step_governed_pva_ruckig,0.005226976930426726,1.0
one_step_governed_pva_ruckig,0.005229980119308258,1.0
one_step_governed_pva_ruckig,0.005254036194478131,1.0
one_step_governed_pva_ruckig,0.0054580961502139905,1.0
one_step_governed_pva_ruckig,0.005619297581786262,1.0
one_step_governed_pva_ruckig,0.0060520606307455085,1.0
one_step_governed_pva_ruckig,0.0070911395308595505,1.0
one_step_governed_pva_ruckig,0.007430222266000001,1.0
one_step_governed_pva_ruckig,0.007669652094723431,1.0
one_step_governed_pva_ruckig,0.007734038504223404,1.0
one_step_governed_pva_ruckig,0.007748178369657547,1.0
one_step_governed_pva_ruckig,0.00790434686040789,1.0
one_step_governed_pva_ruckig,0.007925966730952715,1.0
one_step_governed_pva_ruckig,0.008035153979654703,1.0
one_step_governed_pva_ruckig,0.008094965069506986,1.0
one_step_governed_pva_ruckig,0.008351484463102203,1.0
one_step_governed_pva_ruckig,0.00854626824006794,1.0
one_step_governed_pva_ruckig,0.008685033670319465,1.0
one_step_governed_pva_ruckig,0.009102395032266048,1.0
one_step_governed_pva_ruckig,0.0092315328169633,1.0
one_step_governed_pva_ruckig,0.009614593713891556,1.0
one_step_governed_pva_ruckig,0.00975086666747824,1.0
one_step_governed_pva_ruckig,0.009855765856423853,1.0
one_step_governed_pva_ruckig,0.009970889837096599,1.0
one_step_governed_pva_ruckig,0.01016419702903434,1.0
one_step_governed_pva_ruckig,0.010186077892696802,1.0
one_step_governed_pva_ruckig,0.010229724190200608,1.0
one_step_governed_pva_ruckig,0.010454707284852219,1.0
one_step_governed_pva_ruckig,0.010865354291377749,1.0
one_step_governed_pva_ruckig,0.011143753797190245,1.0
one_step_governed_pva_ruckig,0.011459882623117255,1.0
one_step_governed_pva_ruckig,0.011468382985674971,1.0
one_step_governed_pva_ruckig,0.011974594371383172,1.0
one_step_governed_pva_ruckig,0.01255655122139141,1.0
one_step_governed_pva_ruckig,0.013083627732989768,1.0
one_step_governed_pva_ruckig,0.013897937131837653,1.0
one_step_governed_pva_ruckig,0.014004126213084292,1.0
one_step_governed_pva_ruckig,0.014176235626986044,1.0
one_step_governed_pva_ruckig,0.014509868304790558,1.0
one_step_governed_pva_ruckig,0.015571270578149702,1.0
one_step_governed_pva_ruckig,0.015655515901464887,1.0
one_step_governed_pva_ruckig,0.01722278977500387,1.0
one_step_governed_pva_ruckig,0.01755222867786599,1.0
one_step_governed_pva_ruckig,0.019596479535033913,1.0
one_step_governed_pva_ruckig,0.021217779340672475,1.0
one_step_governed_pva_ruckig,0.022439762772482733,1.0
one_step_governed_pva_ruckig,0.024210281800978683,1.0
one_step_governed_pva_ruckig,0.02527106526660962,1.0
one_step_governed_pva_ruckig,0.02698658597766806,1.0
one_step_governed_pva_ruckig,0.02729196549142496,1.0
one_step_governed_pva_ruckig,0.03280806918141059,1.0
one_step_governed_pva_ruckig,0.03707320616221144,1.0
one_step_governed_pva_ruckig,0.04578002347285364,1.0
one_step_governed_pva_ruckig,0.04814952877606642,1.0
one_step_governed_pva_ruckig,0.05348308588483289,1.0
one_step_governed_pva_ruckig,0.07665201395567958,1.0
one_step_governed_pva_ruckig,0.08783847531010797,1.0
one_step_governed_pva_ruckig,0.10322390364034839,1.0
one_step_governed_pva_ruckig,0.1036723944083096,1.0
one_step_governed_pva_ruckig,0.10995640194872419,1.0
one_step_governed_pva_ruckig,0.11536107202411003,1.0
one_step_governed_pva_ruckig,0.12282715006366289,1.0
one_step_governed_pva_ruckig,0.14915415636350624,1.0
one_step_governed_pva_ruckig,0.1661764694145027,1.0
one_step_governed_pva_ruckig,0.18410379859468187,1.0
one_step_governed_pva_ruckig,0.27113806540775026,1.0
one_step_governed_pva_ruckig,0.28011177613992333,1.0
one_step_governed_pva_ruckig,0.648270493720339,1.0
one_step_governed_pva_ruckig,0.9433749309422719,1.0
scalar_projected_pva,0.0,0.004273504273504274
scalar_projected_pva,0.0,0.005747126436781609
scalar_projected_pva,0.0,0.006172839506172839
scalar_projected_pva,0.0,0.007194244604316547
scalar_projected_pva,0.0,0.00909090909090909
scalar_projected_pva,0.0,0.009900990099009901
scalar_projected_pva,0.0,0.017543859649122806
scalar_projected_pva,0.0,0.020833333333333332
scalar_projected_pva,0.0,0.024390243902439025
scalar_projected_pva,0.0,1.0
scalar_projected_pva,0.0,1.0
scalar_projected_pva,0.0,1.0
scalar_projected_pva,0.0,1.0
scalar_projected_pva,0.0,1.0
scalar_projected_pva,0.0,1.0
scalar_projected_pva,0.0,1.0
scalar_projected_pva,0.0,1.0
scalar_projected_pva,0.0,1.0
scalar_projected_pva,0.0,1.0
scalar_projected_pva,0.0,1.0
scalar_projected_pva,0.0,1.0
scalar_projected_pva,0.0,1.0
scalar_projected_pva,0.0,1.0
scalar_projected_pva,0.0,1.0
scalar_projected_pva,0.0,1.0
scalar_projected_pva,0.0,1.0
scalar_projected_pva,0.0,1.0
scalar_projected_pva,0.0,1.0
scalar_projected_pva,0.0,1.0
scalar_projected_pva,0.0,1.0
scalar_projected_pva,0.0,1.0
scalar_projected_pva,0.0,1.0
scalar_projected_pva,0.0,1.0
scalar_projected_pva,0.0,1.0
scalar_projected_pva,0.0,1.0
scalar_projected_pva,0.0,1.0
scalar_projected_pva,0.0,1.0
scalar_projected_pva,0.0,1.0
scalar_projected_pva,0.0,1.0
scalar_projected_pva,0.0,1.0
scalar_projected_pva,0.0,1.0
scalar_projected_pva,0.0,1.0
scalar_projected_pva,0.0,1.0
scalar_projected_pva,0.0,1.0
scalar_projected_pva,0.0,1.0
scalar_projected_pva,0.0,1.0
scalar_projected_pva,0.0,1.0
scalar_projected_pva,0.0,1.0
scalar_projected_pva,0.0,1.0
scalar_projected_pva,0.0,1.0
scalar_projected_pva,0.0,1.0
scalar_projected_pva,0.0,1.0
scalar_projected_pva,0.0,1.0
scalar_projected_pva,0.0,1.0
scalar_projected_pva,0.0,1.0
scalar_projected_pva,0.0,1.0
scalar_projected_pva,0.0,1.0
scalar_projected_pva,0.0,1.0
scalar_projected_pva,0.0,1.0
scalar_projected_pva,0.0,1.0
scalar_projected_pva,0.0,1.0
scalar_projected_pva,0.0,1.0
scalar_projected_pva,0.0,1.0
scalar_projected_pva,0.0,1.0
scalar_projected_pva,0.0,1.0
scalar_projected_pva,0.0,1.0
scalar_projected_pva,0.0,1.0
scalar_projected_pva,0.0,1.0
scalar_projected_pva,0.0,1.0
scalar_projected_pva,0.0,1.0
scalar_projected_pva,0.0,1.0
scalar_projected_pva,0.0,1.0
scalar_projected_pva,0.0,1.0
scalar_projected_pva,0.0,1.0
scalar_projected_pva,0.0,1.0
scalar_projected_pva,0.0,1.0
scalar_projected_pva,0.0,1.0
scalar_projected_pva,0.0,1.0
scalar_projected_pva,0.0,1.0
scalar_projected_pva,0.0,1.0
scalar_projected_pva,0.0,1.0
scalar_projected_pva,0.0,1.0
scalar_projected_pva,0.0,1.0
scalar_projected_pva,0.0,1.0
scalar_projected_pva,0.0,1.0
scalar_projected_pva,0.0,1.0
scalar_projected_pva,0.0,1.0
scalar_projected_pva,0.0,1.0
scalar_projected_pva,0.0,1.0
scalar_projected_pva,0.0,1.0
scalar_projected_pva,0.0,1.0
scalar_projected_pva,0.0,1.0
scalar_projected_pva,0.0,1.0
scalar_projected_pva,0.0,1.0
scalar_projected_pva,0.0,1.0
scalar_projected_pva,0.0,1.0
scalar_projected_pva,0.0,1.0
scalar_projected_pva,0.0,1.0
scalar_projected_pva,0.0,1.0
scalar_projected_pva,0.0,1.0
scalar_projected_pva,0.0,1.0
scalar_projected_pva,0.0,1.0
scalar_projected_pva,0.0,1.0
scalar_projected_pva,0.0,1.0
scalar_projected_pva,0.0,1.0
scalar_projected_pva,0.0,1.0
scalar_projected_pva,0.0,1.0
scalar_projected_pva,0.0,1.0
scalar_projected_pva,0.0,1.0
scalar_projected_pva,0.0,1.0
scalar_projected_pva,0.0,1.0
scalar_projected_pva,0.0,1.0
scalar_projected_pva,0.0,1.0
scalar_projected_pva,0.0,1.0
scalar_projected_pva,0.0,1.0
scalar_projected_pva,0.0,1.0
scalar_projected_pva,0.0,1.0
scalar_projected_pva,0.0,1.0
scalar_projected_pva,0.0,1.0
scalar_projected_pva,0.0,1.0
