dataset,method,explicit_delay_ms,prediction_lookahead_ms,minimum_duration_ms,target_state_mode,rmse,mae,max_error,best_lag_ms,lag_aligned_rmse,target_projection_rate,target_max_velocity,target_max_acceleration,target_p99_jerk,trajectory_duration_p50_ms,trajectory_duration_p90_ms,trajectory_duration_p99_ms,trajectory_duration_max_ms,reachable_within_lookahead_rate,output_max_velocity,output_max_acceleration,output_max_jerk,estimator_compute_p50_us,estimator_compute_p99_us,ruckig_compute_p99_us,estimator_family,duration_mode,prediction_position_rmse,prediction_position_mae,prediction_position_max_error
csv,Robust CA-KF (50 ms lookahead),0.0,50.0,50.0,full,0.09655440850536143,0.05674316592061491,0.36469511623223194,130.0,0.0804699170641319,0.04871194379391101,2.1693077168373254,8.199999918,263.9735701124864,264.5117068888811,737.6480723989956,1406.4444107893573,1531.7661024957533,0.04237726098191214,2.058798618813995,8.2,41.000000000000014,11.958,76.9489399999995,2.430439999999988,CA-KF,matched,0.012203423431436546,0.007420605749200771,0.07515288826022151
csv,Robust CA-KF (50 ms lookahead),0.0,50.0,10.0,full,0.09932512678702571,0.058758950901928314,0.3620487477431443,130.0,0.08432212081372727,0.04871194379391101,2.1693077168373254,8.199999918,263.9735701124864,265.24744894802075,736.8649272112509,1412.6897603982018,1567.6919593611283,0.04289405684754522,2.0587947650792837,8.2,41.000000000000014,12.041,31.318559999999977,2.110719999999994,CA-KF,control_cycle,0.012203423431436546,0.007420605749200771,0.07515288826022151
csv,Robust CA-KF (50 ms lookahead),0.0,50.0,50.0,position_only,0.06237800448291135,0.035879849608492595,0.30750860726762586,140.0,0.028162197893294133,0.0,0.0,0.0,0.0,231.57870379920536,412.0409635029841,593.8382833088359,625.0294358560656,0.02945736434108527,1.540559337001078,7.611073924335396,41.000000000000014,11.875,15.789999999999964,1.25,CA-KF,matched,0.012203423431436546,0.007420605749200771,0.07515288826022151
csv,Robust CA-KF (50 ms lookahead),0.0,50.0,10.0,position_only,0.062378519319102495,0.03588356458150311,0.3075086072676254,140.0,0.028160772694121674,0.0,0.0,0.0,0.0,232.01066616518267,412.0409635029835,593.8382833088369,625.0294358560664,0.029974160206718347,1.5405593370010784,7.611073924335395,41.000000000000014,11.875,15.027059999999993,1.417,CA-KF,control_cycle,0.012203423431436546,0.007420605749200771,0.07515288826022151
csv,Robust CA-KF (60 ms lookahead),0.0,60.0,60.0,full,0.14284483417412233,0.07624788842492254,0.6646816831994985,200.0,0.12018367516676313,0.04871194379391101,2.234002182344122,8.199999918,263.9735701124864,287.33381453880907,699.383040561529,1328.994171252407,1483.4129305466438,0.04289405684754522,2.0722953153228407,8.2,41.000000000000014,11.875,15.069059999999993,1.333,CA-KF,matched,0.01549987519932639,0.00943060904992995,0.0946055639788845
csv,Robust CA-KF (60 ms lookahead),0.0,60.0,10.0,full,0.14374829415506624,0.0770362448920046,0.664931371825382,220.0,0.11812858284289166,0.04871194379391101,2.234002182344122,8.199999918,263.9735701124864,288.59641097833475,697.1853782114754,1329.2895432299392,1483.4127610372852,0.04806201550387597,2.072295325918884,8.2,41.000000000000014,11.959,17.456999999999965,1.985719999999994,CA-KF,control_cycle,0.01549987519932639,0.00943060904992995,0.0946055639788845
csv,Robust CA-KF (60 ms lookahead),0.0,60.0,60.0,position_only,0.061498192620574536,0.035170397603883595,0.3020886281472724,130.0,0.029808713128763858,0.0,0.0,0.0,0.0,244.33372276208587,428.28685716653183,621.783498294671,651.6319588065134,0.03204134366925065,1.570749699239326,7.760711238322401,41.000000000000014,11.917,20.63843999999999,1.375,CA-KF,matched,0.01549987519932639,0.00943060904992995,0.0946055639788845
csv,Robust CA-KF (60 ms lookahead),0.0,60.0,10.0,position_only,0.061499424451839924,0.03517994365851186,0.3020886281472724,130.0,0.02980710983773011,0.0,0.0,0.0,0.0,244.42190306860525,428.2868571665632,621.7834982946612,651.6319588065045,0.03307493540051679,1.5707496992393262,7.76071123832244,41.000000000000014,11.875,14.792,1.4440599999999941,CA-KF,control_cycle,0.01549987519932639,0.00943060904992995,0.0946055639788845
csv,Robust CA-KF (100 ms lookahead),0.0,100.0,100.0,full,0.13271942372226878,0.07239867687187237,0.5949164998853756,200.0,0.1058755352361973,0.04871194379391101,2.562002179064122,8.199999918,263.9735701124864,341.22908158344717,738.5561753658244,1265.5652948162099,1485.6311771249684,0.06614987080103359,2.2005034326256365,8.2,41.000000000000014,11.958,15.458,1.667,CA-KF,matched,0.03282852791685063,0.019872635389391307,0.18367762584038586
csv,Robust CA-KF (100 ms lookahead),0.0,100.0,10.0,full,0.1269621941837757,0.0716101623706172,0.5393657989060876,70.0,0.12283848097888234,0.04871194379391101,2.562002179064122,8.199999918,263.9735701124864,334.70925668486655,844.4663246085074,1450.806928584662,1567.0759451153779,0.08320413436692506,2.2038677642375797,8.2,41.000000000000014,12.0,15.334,2.04166,CA-KF,control_cycle,0.03282852791685063,0.019872635389391307,0.18367762584038586
csv,Robust CA-KF (100 ms lookahead),0.0,100.0,100.0,position_only,0.0750927309816027,0.041352277894782956,0.3338577167454524,130.0,0.04910664458610451,0.0,0.0,0.0,0.0,309.72440343581184,543.6099449617067,717.0871806937458,774.7633796653915,0.043410852713178294,1.7763996791058654,8.2,41.000000000000014,11.875,15.04166,1.209,CA-KF,matched,0.03282852791685063,0.019872635389391307,0.18367762584038586
csv,Robust CA-KF (100 ms lookahead),0.0,100.0,10.0,position_only,0.07507878790539886,0.0414436448065821,0.3329866526313432,130.0,0.049081920913183905,0.0,0.0,0.0,0.0,310.7521475889271,543.6099501789872,717.0871994813447,774.7634291450738,0.03927648578811369,1.7756966835957124,8.2,41.000000000000014,11.916,14.875,1.417,CA-KF,control_cycle,0.03282852791685063,0.019872635389391307,0.18367762584038586
csv,Robust CA-KF (150 ms lookahead),0.0,150.0,150.0,full,0.17800426146133347,0.09209445361076092,0.7476260332682072,210.0,0.15447973755831967,0.04871194379391101,2.9720021749641217,8.199999918,263.9735701124864,384.55515486735175,822.2416743973374,1149.6370143419251,1435.9676277942144,0.11937984496124031,2.182861885116167,8.2,41.000000000000014,11.917,14.443219999999975,1.75,CA-KF,matched,0.0639266592836751,0.03864022779464583,0.3272585887527727
csv,Robust CA-KF (150 ms lookahead),0.0,150.0,10.0,full,0.1554516380166866,0.08857440073860577,0.6542285013651464,220.0,0.11619640663735625,0.04871194379391101,2.9720021749641217,8.199999918,263.9735701124864,376.9998604144814,735.2559848184181,1285.7805389685416,1530.2692955688312,0.10077519379844961,2.273804342970527,8.2,41.000000000000014,11.916,12.76227999999997,1.833,CA-KF,control_cycle,0.0639266592836751,0.03864022779464583,0.3272585887527727
csv,Robust CA-KF (150 ms lookahead),0.0,150.0,150.0,position_only,0.11487402709854039,0.06176722506397688,0.5172095895605147,160.0,0.08977012326596794,0.0,0.0,0.0,0.0,384.83123342224354,634.386066960708,860.1898727502064,925.035430472335,0.06821705426356589,1.9863764139285185,8.2,41.000000000000014,11.917,14.790499999999982,1.318719999999994,CA-KF,matched,0.0639266592836751,0.03864022779464583,0.3272585887527727
csv,Robust CA-KF (150 ms lookahead),0.0,150.0,10.0,position_only,0.11672156098366944,0.0639757951731522,0.5172163941615198,170.0,0.0908457776483993,0.0,0.0,0.0,0.0,391.28337489615114,658.2170359347876,861.4783052255865,924.8511847253329,0.06925064599483204,1.890425301282154,8.2,41.000000000000014,11.875,12.360719999999993,1.375,CA-KF,control_cycle,0.0639266592836751,0.03864022779464583,0.3272585887527727
csv,Robust CA-KF (200 ms lookahead),0.0,200.0,200.0,full,0.21236616834820016,0.11333183797108382,0.8504269553717416,270.0,0.17016745037107292,0.04871194379391101,3.3130807976907697,8.199999918,263.9735701124864,423.27415317794237,818.7420403659614,1178.783493529003,1397.8670968329327,0.15400516795865632,2.3022420242094137,8.2,41.000000000000014,11.875,12.76227999999997,1.7086599999999998,CA-KF,matched,0.10522143385387316,0.06356632221735872,0.5458784836195135
csv,Robust CA-KF (200 ms lookahead),0.0,200.0,10.0,full,0.24308012223183081,0.13284285963608253,0.9480445570727544,140.0,0.23517518223896133,0.04871194379391101,3.3130807976907697,8.199999918,263.9735701124864,434.0689475964102,914.2332803961833,1337.372750387043,1694.8858374859558,0.11937984496124031,2.627943825881423,8.2,41.000000000000014,12.0,14.151559999999975,1.7916599999999998,CA-KF,control_cycle,0.10522143385387316,0.06356632221735872,0.5458784836195135
csv,Robust CA-KF (200 ms lookahead),0.0,200.0,200.0,position_only,0.1341987326492935,0.08026990000889583,0.5747139633787377,160.0,0.11537349491414939,0.0,0.0,0.0,0.0,451.30313344132986,739.2481125980192,998.2419236033974,1031.9867247997797,0.08372093023255814,1.9586824584347844,8.2,41.000000000000014,11.958,14.221779999999988,1.708,CA-KF,matched,0.10522143385387316,0.06356632221735872,0.5458784836195135
csv,Robust CA-KF (200 ms lookahead),0.0,200.0,10.0,position_only,0.1331821636161275,0.08088808597869271,0.5733903510056639,160.0,0.11497932672626539,0.0,0.0,0.0,0.0,460.2367074349256,737.2059786343984,995.1026972462872,1028.3931606344452,0.08217054263565891,1.9545147612952307,8.2,41.000000000000014,11.958,12.569059999999993,1.417,CA-KF,control_cycle,0.10522143385387316,0.06356632221735872,0.5458784836195135
csv,Robust CA-KF (250 ms lookahead),0.0,250.0,250.0,full,0.2724159409027749,0.14097334134885714,1.057605168406932,160.0,0.26290611192076296,0.04918032786885246,3.4570322465458823,8.199999918,263.9735701124864,465.85767508592033,896.3505751097132,1417.0892096568405,1806.07848185968,0.16589147286821707,2.8998248849112778,8.2,41.000000000000014,12.0,24.485719999999993,1.9440599999999941,CA-KF,matched,0.1565778886834669,0.09462670238126429,0.8513235784518869
csv,Robust CA-KF (250 ms lookahead),0.0,250.0,10.0,full,0.206445692380732,0.1189630728998201,0.8358439043047203,10.0,0.20642571283306915,0.04918032786885246,3.4570322465458823,8.199999918,263.9735701124864,459.1772310140691,912.34754120366,1414.3241052173,1700.5251358632183,0.1462532299741602,2.779629607776215,8.2,41.000000000000014,11.917,24.54166,2.0277199999999937,CA-KF,control_cycle,0.1565778886834669,0.09462670238126429,0.8513235784518869
csv,Robust CA-KF (250 ms lookahead),0.0,250.0,250.0,position_only,0.17025821387037407,0.10624411284423967,0.6682617028445564,-10.0,0.17022398292528224,0.0,0.0,0.0,0.0,496.03082282785414,804.6701051106289,1130.3676786303524,1270.015799008126,0.12454780361757106,2.171965819225041,8.2,41.000000000000014,11.791,24.111059999999995,1.75,CA-KF,matched,0.1565778886834669,0.09462670238126429,0.8513235784518869
csv,Robust CA-KF (250 ms lookahead),0.0,250.0,10.0,position_only,0.16440135176375614,0.10377008241460174,0.6480061519128539,-30.0,0.1639091660513455,0.0,0.0,0.0,0.0,486.93786839865027,794.0625466482934,1130.249043109779,1243.0941895754102,0.11369509043927649,2.122515045222454,8.2,41.000000000000014,11.833,12.88727999999997,1.458,CA-KF,control_cycle,0.1565778886834669,0.09462670238126429,0.8513235784518869
csv,Robust CA-KF (300 ms lookahead),0.0,300.0,300.0,full,0.2554668207070895,0.13390265399559795,1.0245385727453922,140.0,0.2467730193121955,0.05245901639344262,3.601093240382926,8.199999918,262.2748129544225,466.1534122867318,912.3409394166914,1354.834020049151,1769.500109978374,0.21705426356589147,2.7644085263434617,8.2,41.000000000000014,12.0,19.331659999999964,2.096779999999988,CA-KF,matched,0.21821822304794752,0.13254135489429184,1.242091355928707
csv,Robust CA-KF (300 ms lookahead),0.0,300.0,10.0,full,0.36212167987798005,0.21058862048091237,1.1822222867200498,-30.0,0.3617793263304029,0.05245901639344262,3.601093240382926,8.199999918,262.2748129544225,505.1897649031486,1094.255429522103,1632.3389315751444,1858.187601728134,0.1896640826873385,3.0083245280122197,8.2,41.000000000000014,12.0,17.372999999999962,1.875,CA-KF,control_cycle,0.21821822304794752,0.13254135489429184,1.242091355928707
csv,Robust CA-KF (300 ms lookahead),0.0,300.0,300.0,position_only,0.22383105366742267,0.1437157037871324,0.6921019211260114,20.0,0.22363941209318824,0.0,0.0,0.0,0.0,547.1102734216213,891.3684504763298,1309.9341445019918,1517.490136307627,0.14883720930232558,2.4420164603618613,8.2,41.000000000000014,11.792,14.429779999999989,1.6110599999999942,CA-KF,matched,0.21821822304794752,0.13254135489429184,1.242091355928707
csv,Robust CA-KF (300 ms lookahead),0.0,300.0,10.0,position_only,0.2259881684427031,0.14632232363705516,0.743878160237792,30.0,0.22572870340832124,0.0,0.0,0.0,0.0,549.6570830359943,906.8264034994576,1285.4619638576348,1490.4834726603203,0.12868217054263567,2.4691436011778607,8.2,41.000000000000014,12.0,15.291,1.417,CA-KF,control_cycle,0.21821822304794752,0.13254135489429184,1.242091355928707
csv,Alpha-beta-gamma (50 ms lookahead),0.0,50.0,50.0,full,0.13087935629806113,0.07155837950815408,0.5889995177814222,200.0,0.10569992211877316,0.059484777517564404,2.172203300204712,8.199999918,260.5494581483729,270.2547405366098,701.9463996452176,1291.259714764823,1544.8480836840454,0.043410852713178294,2.0681257636971404,8.2,41.000000000000014,3.125,4.042,1.166,ABG,matched,0.014007274573023686,0.00861565275672876,0.08179571640210992
csv,Alpha-beta-gamma (50 ms lookahead),0.0,50.0,10.0,full,0.1320008360639317,0.07234547451223652,0.5882648044572798,210.0,0.10364022879114304,0.059484777517564404,2.172203300204712,8.199999918,260.5494581483729,287.25617968199356,733.4476834109197,1336.283506178984,1544.8635509568212,0.044444444444444446,2.0681247121771102,8.2,41.000000000000014,3.125,4.0,1.527059999999994,ABG,control_cycle,0.014007274573023686,0.00861565275672876,0.08179571640210992
csv,Alpha-beta-gamma (50 ms lookahead),0.0,50.0,50.0,position_only,0.06376147473931429,0.036915718561567334,0.30990167988290374,140.0,0.02893774202277938,0.0,0.0,0.0,0.0,236.21578887048784,420.1881092563601,605.7405449271189,637.754965120044,0.03152454780361757,1.548331472460067,7.820222638319196,41.000000000000014,3.125,3.917,1.1940599999999941,ABG,matched,0.014007274573023686,0.00861565275672876,0.08179571640210992
csv,Alpha-beta-gamma (50 ms lookahead),0.0,50.0,10.0,position_only,0.06376130087772522,0.03691576997563078,0.3099016798829037,140.0,0.028938001612402786,0.0,0.0,0.0,0.0,235.9622543659615,420.1881092564907,605.7405449268618,637.7549651198192,0.03204134366925065,1.5483314724600665,7.820222638319335,41.000000000000014,3.125,3.91666,1.375,ABG,control_cycle,0.014007274573023686,0.00861565275672876,0.08179571640210992
csv,Alpha-beta-gamma (60 ms lookahead),0.0,60.0,60.0,full,0.10001068553448411,0.0600321686421582,0.3513601588749804,130.0,0.08626323735669444,0.059484777517564404,2.208107298133537,8.199999918,260.5494581483729,284.1937507130553,749.4729423923362,1429.3030532218045,1580.9998690812704,0.053746770025839795,2.0960731289754913,8.2,41.000000000000014,3.125,3.25,1.3877799999999878,ABG,matched,0.017587333516748817,0.010808846870315128,0.10074756546522261
csv,Alpha-beta-gamma (60 ms lookahead),0.0,60.0,10.0,full,0.10593394922013047,0.06340950162060788,0.37938510435780026,120.0,0.0940919043900166,0.059484777517564404,2.208107298133537,8.199999918,260.5494581483729,283.2134803679417,748.3762996090317,1440.3037588660127,1624.3918708313938,0.05167958656330749,2.0958946157677043,8.2,41.000000000000014,3.125,3.333,1.485719999999994,ABG,control_cycle,0.017587333516748817,0.010808846870315128,0.10074756546522261
csv,Alpha-beta-gamma (60 ms lookahead),0.0,60.0,60.0,position_only,0.0638514316199812,0.03696277127862274,0.3065762407281674,130.0,0.03135599144413459,0.0,0.0,0.0,0.0,256.11327810423046,447.386969336571,636.5884152663973,667.5038896207117,0.03462532299741602,1.5832150131554097,7.852969668041035,41.000000000000014,3.125,3.875,1.1666599999999998,ABG,matched,0.017587333516748817,0.010808846870315128,0.10074756546522261
csv,Alpha-beta-gamma (60 ms lookahead),0.0,60.0,10.0,position_only,0.06384945021329369,0.036950225475807966,0.3065762407281671,130.0,0.03136160234268847,0.0,0.0,0.0,0.0,256.1132781042306,447.3869693365708,636.5884152664336,667.5038896207492,0.03359173126614987,1.5832150131554092,7.852969668041057,41.000000000000014,3.125,3.485719999999994,1.375,ABG,control_cycle,0.017587333516748817,0.010808846870315128,0.10074756546522261
csv,Alpha-beta-gamma (100 ms lookahead),0.0,100.0,100.0,full,0.14416295554546263,0.08285449901912967,0.6099095052393984,120.0,0.13361166852090697,0.059484777517564404,2.464078229255487,8.199999918,260.5494581483729,350.0055280051646,814.6794487361057,1469.8423290229987,1657.6138096391385,0.059431524547803614,2.2360761757591145,8.2,41.000000000000014,3.125,3.429779999999988,1.416,ABG,matched,0.036253358129150065,0.02211779506525618,0.19276672795537655
csv,Alpha-beta-gamma (100 ms lookahead),0.0,100.0,10.0,full,0.1488004739651245,0.08569172533514775,0.6065787378448089,120.0,0.13914965508632804,0.059484777517564404,2.464078229255487,8.199999918,260.5494581483729,350.07028179322396,830.0660983555539,1487.302662792159,1656.205573924647,0.07183462532299742,2.232693995503551,8.2,41.000000000000014,3.166,3.95866,1.5,ABG,control_cycle,0.036253358129150065,0.02211779506525618,0.19276672795537655
csv,Alpha-beta-gamma (100 ms lookahead),0.0,100.0,100.0,position_only,0.07992160984418548,0.04314923458621119,0.3460252155542469,140.0,0.05368328266338699,0.0,0.0,0.0,0.0,315.35756035876665,550.8126201432073,741.092390373643,775.1862793939769,0.044444444444444446,1.7948544485760827,8.2,41.000000000000014,3.166,3.916,1.208,ABG,matched,0.036253358129150065,0.02211779506525618,0.19276672795537655
csv,Alpha-beta-gamma (100 ms lookahead),0.0,100.0,10.0,position_only,0.07995700262612301,0.04328611651266984,0.3460252153376777,140.0,0.053683340326452056,0.0,0.0,0.0,0.0,317.1433487200006,550.812620139299,741.0923905920531,775.1862801766239,0.04237726098191214,1.7948685752063525,8.2,41.000000000000014,3.125,3.29166,1.375,ABG,control_cycle,0.036253358129150065,0.02211779506525618,0.19276672795537655
csv,Alpha-beta-gamma (150 ms lookahead),0.0,150.0,150.0,full,0.18594434220196066,0.09689442515124537,0.7767447373514961,210.0,0.16219874852111438,0.059484777517564404,2.8740782251554866,8.199999918,260.5494581483729,390.3929992578614,829.5534866103874,1210.448336529921,1411.8519894410429,0.12661498708010335,2.181966032931719,8.2,41.000000000000014,3.125,3.292,1.652059999999994,ABG,matched,0.06946022379592594,0.04225672534868271,0.36026590943658043
csv,Alpha-beta-gamma (150 ms lookahead),0.0,150.0,10.0,full,0.18679798248039262,0.10184298132810651,0.7373341448218367,310.0,0.13094838777718767,0.059484777517564404,2.8740782251554866,8.199999918,260.5494581483729,408.5723898917873,762.0545222771116,1111.7030540789776,1337.5317612986496,0.09560723514211886,2.160429500575762,8.2,41.000000000000014,3.166,3.91666,0.958,ABG,control_cycle,0.06946022379592594,0.04225672534868271,0.36026590943658043
csv,Alpha-beta-gamma (150 ms lookahead),0.0,150.0,150.0,position_only,0.1232429062369906,0.06640649662132649,0.5440900513891619,170.0,0.09756942505180441,0.0,0.0,0.0,0.0,388.3589772107765,657.5021482505207,897.5183183125754,954.2412271856653,0.059948320413436694,2.06061639793494,8.2,41.000000000000014,3.125,3.833,1.2916599999999998,ABG,matched,0.06946022379592594,0.04225672534868271,0.36026590943658043
csv,Alpha-beta-gamma (150 ms lookahead),0.0,150.0,10.0,position_only,0.1227389777361393,0.06712731198514198,0.5420072122230974,170.0,0.09715084546013332,0.0,0.0,0.0,0.0,397.2349142519658,663.2607832016068,897.1317334086025,953.862018587602,0.06511627906976744,1.9402161329461334,8.2,41.000000000000014,3.166,5.902059999999994,1.375,ABG,control_cycle,0.06946022379592594,0.04225672534868271,0.36026590943658043
csv,Alpha-beta-gamma (200 ms lookahead),0.0,200.0,200.0,full,0.2317551588019145,0.1186436158215878,1.1145955171046227,250.0,0.20220647496854083,0.059484777517564404,3.281357905886048,8.199999918,260.5494581483729,413.06994624680783,814.9453197740636,1294.0823791292528,1556.4673433013593,0.15090439276485787,2.5120208723300426,8.2,41.000000000000014,3.125,3.333,1.777059999999994,ABG,matched,0.11337949883461199,0.06904731060131872,0.6236717201198635
csv,Alpha-beta-gamma (200 ms lookahead),0.0,200.0,10.0,full,0.22817158690577527,0.11114735603047186,1.1982848405884758,190.0,0.2129188806103649,0.059484777517564404,3.281357905886048,8.199999918,260.5494581483729,431.29095588665217,841.2823661795976,1274.2645025061609,1595.0004287551983,0.13488372093023257,2.6158566391850004,8.2,41.000000000000014,3.166,4.042,0.944059999999994,ABG,control_cycle,0.11337949883461199,0.06904731060131872,0.6236717201198635
csv,Alpha-beta-gamma (200 ms lookahead),0.0,200.0,200.0,position_only,0.1280847057403175,0.07987895745264764,0.5044602213023691,150.0,0.11071275363944655,0.0,0.0,0.0,0.0,469.0870273015398,749.6108616932562,978.7247345694227,1020.6871939521702,0.07751937984496124,1.9593090314431176,8.2,41.000000000000014,3.125,3.375,1.402719999999994,ABG,matched,0.11337949883461199,0.06904731060131872,0.6236717201198635
csv,Alpha-beta-gamma (200 ms lookahead),0.0,200.0,10.0,position_only,0.12812109129640079,0.08034918062979612,0.5045808280635962,150.0,0.11083510291781558,0.0,0.0,0.0,0.0,468.7475549435137,749.9024014118,979.4446067043194,1020.9542123416595,0.08062015503875969,1.959323370390986,8.2,41.000000000000014,3.125,3.958,1.375,ABG,control_cycle,0.11337949883461199,0.06904731060131872,0.6236717201198635
csv,Alpha-beta-gamma (250 ms lookahead),0.0,250.0,250.0,full,0.19065455667246883,0.11581986763862712,0.7802838291070191,130.0,0.17991533877036492,0.060421545667447306,3.48768045814511,8.199999918,260.5494581483729,474.35111988856505,887.6393160014119,1334.361807345224,1647.1837078012827,0.18449612403100776,2.481435607586253,8.2,41.000000000000014,3.125,3.333,1.777059999999994,ABG,matched,0.16808647217548386,0.10248151283330123,0.9620800213596759
csv,Alpha-beta-gamma (250 ms lookahead),0.0,250.0,10.0,full,0.19306785102926086,0.11576308454036172,0.7909269120582021,20.0,0.1928677752314619,0.060421545667447306,3.48768045814511,8.199999918,260.5494581483729,467.924864223494,901.7331314128611,1414.6220541046196,1765.046090552474,0.1359173126614987,2.773927844102567,8.2,41.000000000000014,3.125,3.292,0.875,ABG,control_cycle,0.16808647217548386,0.10248151283330123,0.9620800213596759
csv,Alpha-beta-gamma (250 ms lookahead),0.0,250.0,250.0,position_only,0.15609257945439567,0.0995002511525198,0.6449759850569285,-50.0,0.15445711797269923,0.0,0.0,0.0,0.0,489.3624701041308,799.4516478272467,1115.4654230022998,1285.971861956486,0.12093023255813953,2.0059330017096175,8.2,41.000000000000014,3.125,3.292,1.5690599999999941,ABG,matched,0.16808647217548386,0.10248151283330123,0.9620800213596759
csv,Alpha-beta-gamma (250 ms lookahead),0.0,250.0,10.0,position_only,0.1695964917149902,0.10815017286458098,0.6340147364151413,40.0,0.1688024131133074,0.0,0.0,0.0,0.0,487.62311780142915,818.9437043046335,1146.8311923346155,1288.8690530831186,0.11989664082687339,2.175772386637991,8.2,41.000000000000014,3.125,3.25,1.333,ABG,control_cycle,0.16808647217548386,0.10248151283330123,0.9620800213596759
csv,Alpha-beta-gamma (300 ms lookahead),0.0,300.0,300.0,full,0.26462215367590397,0.13871163811304235,1.0542818494171404,140.0,0.25731144478706186,0.06697892271662763,3.6127763473467036,8.199999918,259.1961942060027,467.5731121446499,926.7983664606783,1385.8010559307795,1804.166626660693,0.2248062015503876,2.819887953335308,8.2,41.000000000000014,3.125,3.958,1.834,ABG,matched,0.2338652610803002,0.14308802165032297,1.3997976591663785
csv,Alpha-beta-gamma (300 ms lookahead),0.0,300.0,10.0,full,0.30934970830742636,0.18859341478929487,0.9166959067929775,0.0,0.30934970830742636,0.06697892271662763,3.6127763473467036,8.199999918,259.1961942060027,506.6756608378317,1062.1109767886426,1583.232145422613,1838.8055323787294,0.17881136950904392,3.128429690810325,8.2,41.000000000000014,3.125,3.959,0.875,ABG,control_cycle,0.2338652610803002,0.14308802165032297,1.3997976591663785
csv,Alpha-beta-gamma (300 ms lookahead),0.0,300.0,300.0,position_only,0.23900151172796844,0.15298656664033927,0.8268887804028652,60.0,0.23764372238166884,0.0,0.0,0.0,0.0,565.9172637215494,918.3467745137781,1335.0834242647772,1625.2828613347199,0.16434108527131783,2.6036228393360474,8.2,41.000000000000014,3.125,3.959,1.5,ABG,matched,0.2338652610803002,0.14308802165032297,1.3997976591663785
csv,Alpha-beta-gamma (300 ms lookahead),0.0,300.0,10.0,position_only,0.2374412662003132,0.15307354098629253,0.8110779463320966,30.0,0.23717365597443166,0.0,0.0,0.0,0.0,554.0251929383575,905.6795401107415,1330.1687111411231,1563.3523504745192,0.1529715762273902,2.599023937784034,8.2,41.000000000000014,3.125,3.291,1.333,ABG,control_cycle,0.2338652610803002,0.14308802165032297,1.3997976591663785
