analysis_kind,analysis_id,metric,method,role,expected_trajectory_count,observed_unique_trajectory_count,row_count,missing_trajectory_count,unexpected_trajectory_count,duplicate_trajectory_count,status,missing_trajectory_ids_json,unexpected_trajectory_ids_json,duplicate_trajectory_ids_json
method_confidence_interval,position_mae:deployed_p_only,position_mae,deployed_p_only,method,120,120,120,0,0,0,complete,[],[],[]
method_confidence_interval,position_mae:estimator_rank_2::local_poly_w7_d3_lag1::deployed_p_only,position_mae,estimator_rank_2::local_poly_w7_d3_lag1::deployed_p_only,method,120,120,120,0,0,0,complete,[],[],[]
method_confidence_interval,position_mae:estimator_rank_2::local_poly_w7_d3_lag1::jerk_qp_pva_direct,position_mae,estimator_rank_2::local_poly_w7_d3_lag1::jerk_qp_pva_direct,method,120,120,120,0,0,0,complete,[],[],[]
method_confidence_interval,position_mae:estimator_rank_2::local_poly_w7_d3_lag1::jerk_qp_pva_ruckig,position_mae,estimator_rank_2::local_poly_w7_d3_lag1::jerk_qp_pva_ruckig,method,120,120,120,0,0,0,complete,[],[],[]
method_confidence_interval,position_mae:estimator_rank_2::local_poly_w7_d3_lag1::one_step_governed_pva_direct,position_mae,estimator_rank_2::local_poly_w7_d3_lag1::one_step_governed_pva_direct,method,120,120,120,0,0,0,complete,[],[],[]
method_confidence_interval,position_mae:estimator_rank_2::local_poly_w7_d3_lag1::one_step_governed_pva_ruckig,position_mae,estimator_rank_2::local_poly_w7_d3_lag1::one_step_governed_pva_ruckig,method,120,120,120,0,0,0,complete,[],[],[]
method_confidence_interval,position_mae:estimator_rank_2::local_poly_w7_d3_lag1::predicted_p,position_mae,estimator_rank_2::local_poly_w7_d3_lag1::predicted_p,method,120,120,120,0,0,0,complete,[],[],[]
method_confidence_interval,position_mae:estimator_rank_2::local_poly_w7_d3_lag1::raw_predicted_pv,position_mae,estimator_rank_2::local_poly_w7_d3_lag1::raw_predicted_pv,method,120,120,120,0,0,0,complete,[],[],[]
method_confidence_interval,position_mae:estimator_rank_2::local_poly_w7_d3_lag1::scalar_projected_pva,position_mae,estimator_rank_2::local_poly_w7_d3_lag1::scalar_projected_pva,method,120,120,120,0,0,0,complete,[],[],[]
method_confidence_interval,position_mae:estimator_rank_3::ca_kf_s1e-06_q1000::deployed_p_only,position_mae,estimator_rank_3::ca_kf_s1e-06_q1000::deployed_p_only,method,120,120,120,0,0,0,complete,[],[],[]
method_confidence_interval,position_mae:estimator_rank_3::ca_kf_s1e-06_q1000::jerk_qp_pva_direct,position_mae,estimator_rank_3::ca_kf_s1e-06_q1000::jerk_qp_pva_direct,method,120,120,120,0,0,0,complete,[],[],[]
method_confidence_interval,position_mae:estimator_rank_3::ca_kf_s1e-06_q1000::jerk_qp_pva_ruckig,position_mae,estimator_rank_3::ca_kf_s1e-06_q1000::jerk_qp_pva_ruckig,method,120,120,120,0,0,0,complete,[],[],[]
method_confidence_interval,position_mae:estimator_rank_3::ca_kf_s1e-06_q1000::one_step_governed_pva_direct,position_mae,estimator_rank_3::ca_kf_s1e-06_q1000::one_step_governed_pva_direct,method,120,120,120,0,0,0,complete,[],[],[]
method_confidence_interval,position_mae:estimator_rank_3::ca_kf_s1e-06_q1000::one_step_governed_pva_ruckig,position_mae,estimator_rank_3::ca_kf_s1e-06_q1000::one_step_governed_pva_ruckig,method,120,120,120,0,0,0,complete,[],[],[]
method_confidence_interval,position_mae:estimator_rank_3::ca_kf_s1e-06_q1000::predicted_p,position_mae,estimator_rank_3::ca_kf_s1e-06_q1000::predicted_p,method,120,120,120,0,0,0,complete,[],[],[]
method_confidence_interval,position_mae:estimator_rank_3::ca_kf_s1e-06_q1000::raw_predicted_pv,position_mae,estimator_rank_3::ca_kf_s1e-06_q1000::raw_predicted_pv,method,120,120,120,0,0,0,complete,[],[],[]
method_confidence_interval,position_mae:estimator_rank_3::ca_kf_s1e-06_q1000::scalar_projected_pva,position_mae,estimator_rank_3::ca_kf_s1e-06_q1000::scalar_projected_pva,method,120,120,120,0,0,0,complete,[],[],[]
method_confidence_interval,position_mae:jerk_qp_pva_direct,position_mae,jerk_qp_pva_direct,method,120,120,120,0,0,0,complete,[],[],[]
method_confidence_interval,position_mae:jerk_qp_pva_ruckig,position_mae,jerk_qp_pva_ruckig,method,120,120,120,0,0,0,complete,[],[],[]
method_confidence_interval,position_mae:one_step_governed_pva_direct,position_mae,one_step_governed_pva_direct,method,120,120,120,0,0,0,complete,[],[],[]
method_confidence_interval,position_mae:one_step_governed_pva_ruckig,position_mae,one_step_governed_pva_ruckig,method,120,120,120,0,0,0,complete,[],[],[]
method_confidence_interval,position_mae:predicted_p,position_mae,predicted_p,method,120,120,120,0,0,0,complete,[],[],[]
method_confidence_interval,position_mae:raw_predicted_pv,position_mae,raw_predicted_pv,method,120,120,120,0,0,0,complete,[],[],[]
method_confidence_interval,position_mae:scalar_projected_pva,position_mae,scalar_projected_pva,method,120,120,120,0,0,0,complete,[],[],[]
method_confidence_interval,position_p95_abs_error:deployed_p_only,position_p95_abs_error,deployed_p_only,method,120,120,120,0,0,0,complete,[],[],[]
method_confidence_interval,position_p95_abs_error:estimator_rank_2::local_poly_w7_d3_lag1::deployed_p_only,position_p95_abs_error,estimator_rank_2::local_poly_w7_d3_lag1::deployed_p_only,method,120,120,120,0,0,0,complete,[],[],[]
method_confidence_interval,position_p95_abs_error:estimator_rank_2::local_poly_w7_d3_lag1::jerk_qp_pva_direct,position_p95_abs_error,estimator_rank_2::local_poly_w7_d3_lag1::jerk_qp_pva_direct,method,120,120,120,0,0,0,complete,[],[],[]
method_confidence_interval,position_p95_abs_error:estimator_rank_2::local_poly_w7_d3_lag1::jerk_qp_pva_ruckig,position_p95_abs_error,estimator_rank_2::local_poly_w7_d3_lag1::jerk_qp_pva_ruckig,method,120,120,120,0,0,0,complete,[],[],[]
method_confidence_interval,position_p95_abs_error:estimator_rank_2::local_poly_w7_d3_lag1::one_step_governed_pva_direct,position_p95_abs_error,estimator_rank_2::local_poly_w7_d3_lag1::one_step_governed_pva_direct,method,120,120,120,0,0,0,complete,[],[],[]
method_confidence_interval,position_p95_abs_error:estimator_rank_2::local_poly_w7_d3_lag1::one_step_governed_pva_ruckig,position_p95_abs_error,estimator_rank_2::local_poly_w7_d3_lag1::one_step_governed_pva_ruckig,method,120,120,120,0,0,0,complete,[],[],[]
method_confidence_interval,position_p95_abs_error:estimator_rank_2::local_poly_w7_d3_lag1::predicted_p,position_p95_abs_error,estimator_rank_2::local_poly_w7_d3_lag1::predicted_p,method,120,120,120,0,0,0,complete,[],[],[]
method_confidence_interval,position_p95_abs_error:estimator_rank_2::local_poly_w7_d3_lag1::raw_predicted_pv,position_p95_abs_error,estimator_rank_2::local_poly_w7_d3_lag1::raw_predicted_pv,method,120,120,120,0,0,0,complete,[],[],[]
method_confidence_interval,position_p95_abs_error:estimator_rank_2::local_poly_w7_d3_lag1::scalar_projected_pva,position_p95_abs_error,estimator_rank_2::local_poly_w7_d3_lag1::scalar_projected_pva,method,120,120,120,0,0,0,complete,[],[],[]
method_confidence_interval,position_p95_abs_error:estimator_rank_3::ca_kf_s1e-06_q1000::deployed_p_only,position_p95_abs_error,estimator_rank_3::ca_kf_s1e-06_q1000::deployed_p_only,method,120,120,120,0,0,0,complete,[],[],[]
method_confidence_interval,position_p95_abs_error:estimator_rank_3::ca_kf_s1e-06_q1000::jerk_qp_pva_direct,position_p95_abs_error,estimator_rank_3::ca_kf_s1e-06_q1000::jerk_qp_pva_direct,method,120,120,120,0,0,0,complete,[],[],[]
method_confidence_interval,position_p95_abs_error:estimator_rank_3::ca_kf_s1e-06_q1000::jerk_qp_pva_ruckig,position_p95_abs_error,estimator_rank_3::ca_kf_s1e-06_q1000::jerk_qp_pva_ruckig,method,120,120,120,0,0,0,complete,[],[],[]
method_confidence_interval,position_p95_abs_error:estimator_rank_3::ca_kf_s1e-06_q1000::one_step_governed_pva_direct,position_p95_abs_error,estimator_rank_3::ca_kf_s1e-06_q1000::one_step_governed_pva_direct,method,120,120,120,0,0,0,complete,[],[],[]
method_confidence_interval,position_p95_abs_error:estimator_rank_3::ca_kf_s1e-06_q1000::one_step_governed_pva_ruckig,position_p95_abs_error,estimator_rank_3::ca_kf_s1e-06_q1000::one_step_governed_pva_ruckig,method,120,120,120,0,0,0,complete,[],[],[]
method_confidence_interval,position_p95_abs_error:estimator_rank_3::ca_kf_s1e-06_q1000::predicted_p,position_p95_abs_error,estimator_rank_3::ca_kf_s1e-06_q1000::predicted_p,method,120,120,120,0,0,0,complete,[],[],[]
method_confidence_interval,position_p95_abs_error:estimator_rank_3::ca_kf_s1e-06_q1000::raw_predicted_pv,position_p95_abs_error,estimator_rank_3::ca_kf_s1e-06_q1000::raw_predicted_pv,method,120,120,120,0,0,0,complete,[],[],[]
method_confidence_interval,position_p95_abs_error:estimator_rank_3::ca_kf_s1e-06_q1000::scalar_projected_pva,position_p95_abs_error,estimator_rank_3::ca_kf_s1e-06_q1000::scalar_projected_pva,method,120,120,120,0,0,0,complete,[],[],[]
method_confidence_interval,position_p95_abs_error:jerk_qp_pva_direct,position_p95_abs_error,jerk_qp_pva_direct,method,120,120,120,0,0,0,complete,[],[],[]
method_confidence_interval,position_p95_abs_error:jerk_qp_pva_ruckig,position_p95_abs_error,jerk_qp_pva_ruckig,method,120,120,120,0,0,0,complete,[],[],[]
method_confidence_interval,position_p95_abs_error:one_step_governed_pva_direct,position_p95_abs_error,one_step_governed_pva_direct,method,120,120,120,0,0,0,complete,[],[],[]
method_confidence_interval,position_p95_abs_error:one_step_governed_pva_ruckig,position_p95_abs_error,one_step_governed_pva_ruckig,method,120,120,120,0,0,0,complete,[],[],[]
method_confidence_interval,position_p95_abs_error:predicted_p,position_p95_abs_error,predicted_p,method,120,120,120,0,0,0,complete,[],[],[]
method_confidence_interval,position_p95_abs_error:raw_predicted_pv,position_p95_abs_error,raw_predicted_pv,method,120,120,120,0,0,0,complete,[],[],[]
method_confidence_interval,position_p95_abs_error:scalar_projected_pva,position_p95_abs_error,scalar_projected_pva,method,120,120,120,0,0,0,complete,[],[],[]
method_confidence_interval,position_rmse:deployed_p_only,position_rmse,deployed_p_only,method,120,120,120,0,0,0,complete,[],[],[]
method_confidence_interval,position_rmse:estimator_rank_2::local_poly_w7_d3_lag1::deployed_p_only,position_rmse,estimator_rank_2::local_poly_w7_d3_lag1::deployed_p_only,method,120,120,120,0,0,0,complete,[],[],[]
method_confidence_interval,position_rmse:estimator_rank_2::local_poly_w7_d3_lag1::jerk_qp_pva_direct,position_rmse,estimator_rank_2::local_poly_w7_d3_lag1::jerk_qp_pva_direct,method,120,120,120,0,0,0,complete,[],[],[]
method_confidence_interval,position_rmse:estimator_rank_2::local_poly_w7_d3_lag1::jerk_qp_pva_ruckig,position_rmse,estimator_rank_2::local_poly_w7_d3_lag1::jerk_qp_pva_ruckig,method,120,120,120,0,0,0,complete,[],[],[]
method_confidence_interval,position_rmse:estimator_rank_2::local_poly_w7_d3_lag1::one_step_governed_pva_direct,position_rmse,estimator_rank_2::local_poly_w7_d3_lag1::one_step_governed_pva_direct,method,120,120,120,0,0,0,complete,[],[],[]
method_confidence_interval,position_rmse:estimator_rank_2::local_poly_w7_d3_lag1::one_step_governed_pva_ruckig,position_rmse,estimator_rank_2::local_poly_w7_d3_lag1::one_step_governed_pva_ruckig,method,120,120,120,0,0,0,complete,[],[],[]
method_confidence_interval,position_rmse:estimator_rank_2::local_poly_w7_d3_lag1::predicted_p,position_rmse,estimator_rank_2::local_poly_w7_d3_lag1::predicted_p,method,120,120,120,0,0,0,complete,[],[],[]
method_confidence_interval,position_rmse:estimator_rank_2::local_poly_w7_d3_lag1::raw_predicted_pv,position_rmse,estimator_rank_2::local_poly_w7_d3_lag1::raw_predicted_pv,method,120,120,120,0,0,0,complete,[],[],[]
method_confidence_interval,position_rmse:estimator_rank_2::local_poly_w7_d3_lag1::scalar_projected_pva,position_rmse,estimator_rank_2::local_poly_w7_d3_lag1::scalar_projected_pva,method,120,120,120,0,0,0,complete,[],[],[]
method_confidence_interval,position_rmse:estimator_rank_3::ca_kf_s1e-06_q1000::deployed_p_only,position_rmse,estimator_rank_3::ca_kf_s1e-06_q1000::deployed_p_only,method,120,120,120,0,0,0,complete,[],[],[]
method_confidence_interval,position_rmse:estimator_rank_3::ca_kf_s1e-06_q1000::jerk_qp_pva_direct,position_rmse,estimator_rank_3::ca_kf_s1e-06_q1000::jerk_qp_pva_direct,method,120,120,120,0,0,0,complete,[],[],[]
method_confidence_interval,position_rmse:estimator_rank_3::ca_kf_s1e-06_q1000::jerk_qp_pva_ruckig,position_rmse,estimator_rank_3::ca_kf_s1e-06_q1000::jerk_qp_pva_ruckig,method,120,120,120,0,0,0,complete,[],[],[]
method_confidence_interval,position_rmse:estimator_rank_3::ca_kf_s1e-06_q1000::one_step_governed_pva_direct,position_rmse,estimator_rank_3::ca_kf_s1e-06_q1000::one_step_governed_pva_direct,method,120,120,120,0,0,0,complete,[],[],[]
method_confidence_interval,position_rmse:estimator_rank_3::ca_kf_s1e-06_q1000::one_step_governed_pva_ruckig,position_rmse,estimator_rank_3::ca_kf_s1e-06_q1000::one_step_governed_pva_ruckig,method,120,120,120,0,0,0,complete,[],[],[]
method_confidence_interval,position_rmse:estimator_rank_3::ca_kf_s1e-06_q1000::predicted_p,position_rmse,estimator_rank_3::ca_kf_s1e-06_q1000::predicted_p,method,120,120,120,0,0,0,complete,[],[],[]
method_confidence_interval,position_rmse:estimator_rank_3::ca_kf_s1e-06_q1000::raw_predicted_pv,position_rmse,estimator_rank_3::ca_kf_s1e-06_q1000::raw_predicted_pv,method,120,120,120,0,0,0,complete,[],[],[]
method_confidence_interval,position_rmse:estimator_rank_3::ca_kf_s1e-06_q1000::scalar_projected_pva,position_rmse,estimator_rank_3::ca_kf_s1e-06_q1000::scalar_projected_pva,method,120,120,120,0,0,0,complete,[],[],[]
method_confidence_interval,position_rmse:jerk_qp_pva_direct,position_rmse,jerk_qp_pva_direct,method,120,120,120,0,0,0,complete,[],[],[]
method_confidence_interval,position_rmse:jerk_qp_pva_ruckig,position_rmse,jerk_qp_pva_ruckig,method,120,120,120,0,0,0,complete,[],[],[]
method_confidence_interval,position_rmse:one_step_governed_pva_direct,position_rmse,one_step_governed_pva_direct,method,120,120,120,0,0,0,complete,[],[],[]
method_confidence_interval,position_rmse:one_step_governed_pva_ruckig,position_rmse,one_step_governed_pva_ruckig,method,120,120,120,0,0,0,complete,[],[],[]
method_confidence_interval,position_rmse:predicted_p,position_rmse,predicted_p,method,120,120,120,0,0,0,complete,[],[],[]
method_confidence_interval,position_rmse:raw_predicted_pv,position_rmse,raw_predicted_pv,method,120,120,120,0,0,0,complete,[],[],[]
method_confidence_interval,position_rmse:scalar_projected_pva,position_rmse,scalar_projected_pva,method,120,120,120,0,0,0,complete,[],[],[]
method_confidence_interval,total_p99_us:deployed_p_only,total_p99_us,deployed_p_only,method,120,120,120,0,0,0,complete,[],[],[]
method_confidence_interval,total_p99_us:estimator_rank_2::local_poly_w7_d3_lag1::deployed_p_only,total_p99_us,estimator_rank_2::local_poly_w7_d3_lag1::deployed_p_only,method,120,120,120,0,0,0,complete,[],[],[]
method_confidence_interval,total_p99_us:estimator_rank_2::local_poly_w7_d3_lag1::jerk_qp_pva_direct,total_p99_us,estimator_rank_2::local_poly_w7_d3_lag1::jerk_qp_pva_direct,method,120,120,120,0,0,0,complete,[],[],[]
method_confidence_interval,total_p99_us:estimator_rank_2::local_poly_w7_d3_lag1::jerk_qp_pva_ruckig,total_p99_us,estimator_rank_2::local_poly_w7_d3_lag1::jerk_qp_pva_ruckig,method,120,120,120,0,0,0,complete,[],[],[]
method_confidence_interval,total_p99_us:estimator_rank_2::local_poly_w7_d3_lag1::one_step_governed_pva_direct,total_p99_us,estimator_rank_2::local_poly_w7_d3_lag1::one_step_governed_pva_direct,method,120,120,120,0,0,0,complete,[],[],[]
method_confidence_interval,total_p99_us:estimator_rank_2::local_poly_w7_d3_lag1::one_step_governed_pva_ruckig,total_p99_us,estimator_rank_2::local_poly_w7_d3_lag1::one_step_governed_pva_ruckig,method,120,120,120,0,0,0,complete,[],[],[]
method_confidence_interval,total_p99_us:estimator_rank_2::local_poly_w7_d3_lag1::predicted_p,total_p99_us,estimator_rank_2::local_poly_w7_d3_lag1::predicted_p,method,120,120,120,0,0,0,complete,[],[],[]
method_confidence_interval,total_p99_us:estimator_rank_2::local_poly_w7_d3_lag1::raw_predicted_pv,total_p99_us,estimator_rank_2::local_poly_w7_d3_lag1::raw_predicted_pv,method,120,120,120,0,0,0,complete,[],[],[]
method_confidence_interval,total_p99_us:estimator_rank_2::local_poly_w7_d3_lag1::scalar_projected_pva,total_p99_us,estimator_rank_2::local_poly_w7_d3_lag1::scalar_projected_pva,method,120,120,120,0,0,0,complete,[],[],[]
method_confidence_interval,total_p99_us:estimator_rank_3::ca_kf_s1e-06_q1000::deployed_p_only,total_p99_us,estimator_rank_3::ca_kf_s1e-06_q1000::deployed_p_only,method,120,120,120,0,0,0,complete,[],[],[]
method_confidence_interval,total_p99_us:estimator_rank_3::ca_kf_s1e-06_q1000::jerk_qp_pva_direct,total_p99_us,estimator_rank_3::ca_kf_s1e-06_q1000::jerk_qp_pva_direct,method,120,120,120,0,0,0,complete,[],[],[]
method_confidence_interval,total_p99_us:estimator_rank_3::ca_kf_s1e-06_q1000::jerk_qp_pva_ruckig,total_p99_us,estimator_rank_3::ca_kf_s1e-06_q1000::jerk_qp_pva_ruckig,method,120,120,120,0,0,0,complete,[],[],[]
method_confidence_interval,total_p99_us:estimator_rank_3::ca_kf_s1e-06_q1000::one_step_governed_pva_direct,total_p99_us,estimator_rank_3::ca_kf_s1e-06_q1000::one_step_governed_pva_direct,method,120,120,120,0,0,0,complete,[],[],[]
method_confidence_interval,total_p99_us:estimator_rank_3::ca_kf_s1e-06_q1000::one_step_governed_pva_ruckig,total_p99_us,estimator_rank_3::ca_kf_s1e-06_q1000::one_step_governed_pva_ruckig,method,120,120,120,0,0,0,complete,[],[],[]
method_confidence_interval,total_p99_us:estimator_rank_3::ca_kf_s1e-06_q1000::predicted_p,total_p99_us,estimator_rank_3::ca_kf_s1e-06_q1000::predicted_p,method,120,120,120,0,0,0,complete,[],[],[]
method_confidence_interval,total_p99_us:estimator_rank_3::ca_kf_s1e-06_q1000::raw_predicted_pv,total_p99_us,estimator_rank_3::ca_kf_s1e-06_q1000::raw_predicted_pv,method,120,120,120,0,0,0,complete,[],[],[]
method_confidence_interval,total_p99_us:estimator_rank_3::ca_kf_s1e-06_q1000::scalar_projected_pva,total_p99_us,estimator_rank_3::ca_kf_s1e-06_q1000::scalar_projected_pva,method,120,120,120,0,0,0,complete,[],[],[]
method_confidence_interval,total_p99_us:jerk_qp_pva_direct,total_p99_us,jerk_qp_pva_direct,method,120,120,120,0,0,0,complete,[],[],[]
method_confidence_interval,total_p99_us:jerk_qp_pva_ruckig,total_p99_us,jerk_qp_pva_ruckig,method,120,120,120,0,0,0,complete,[],[],[]
method_confidence_interval,total_p99_us:one_step_governed_pva_direct,total_p99_us,one_step_governed_pva_direct,method,120,120,120,0,0,0,complete,[],[],[]
method_confidence_interval,total_p99_us:one_step_governed_pva_ruckig,total_p99_us,one_step_governed_pva_ruckig,method,120,120,120,0,0,0,complete,[],[],[]
method_confidence_interval,total_p99_us:predicted_p,total_p99_us,predicted_p,method,120,120,120,0,0,0,complete,[],[],[]
method_confidence_interval,total_p99_us:raw_predicted_pv,total_p99_us,raw_predicted_pv,method,120,120,120,0,0,0,complete,[],[],[]
method_confidence_interval,total_p99_us:scalar_projected_pva,total_p99_us,scalar_projected_pva,method,120,120,120,0,0,0,complete,[],[],[]
paired_comparison,lag:one_step_pva-vs-predicted_p,lag_s,predicted_p,baseline,120,120,120,0,0,0,complete,[],[],[]
paired_comparison,lag:one_step_pva-vs-predicted_p,lag_s,one_step_governed_pva_direct,candidate,120,120,120,0,0,0,complete,[],[],[]
paired_comparison,max_error:one_step_pva-vs-predicted_p,position_max_abs_error,predicted_p,baseline,120,120,120,0,0,0,complete,[],[],[]
paired_comparison,max_error:one_step_pva-vs-predicted_p,position_max_abs_error,one_step_governed_pva_direct,candidate,120,120,120,0,0,0,complete,[],[],[]
paired_comparison,position:jerk_qp_direct-vs-jerk_qp_ruckig,position_rmse,jerk_qp_pva_ruckig,baseline,120,120,120,0,0,0,complete,[],[],[]
paired_comparison,position:jerk_qp_direct-vs-jerk_qp_ruckig,position_rmse,jerk_qp_pva_direct,candidate,120,120,120,0,0,0,complete,[],[],[]
paired_comparison,position:jerk_qp_direct-vs-one_step_direct,position_rmse,one_step_governed_pva_direct,baseline,120,120,120,0,0,0,complete,[],[],[]
paired_comparison,position:jerk_qp_direct-vs-one_step_direct,position_rmse,jerk_qp_pva_direct,candidate,120,120,120,0,0,0,complete,[],[],[]
paired_comparison,position:one_step_direct-vs-one_step_ruckig,position_rmse,one_step_governed_pva_ruckig,baseline,120,120,120,0,0,0,complete,[],[],[]
paired_comparison,position:one_step_direct-vs-one_step_ruckig,position_rmse,one_step_governed_pva_direct,candidate,120,120,120,0,0,0,complete,[],[],[]
paired_comparison,position:one_step_pva-vs-deployed_p_only,position_rmse,deployed_p_only,baseline,120,120,120,0,0,0,complete,[],[],[]
paired_comparison,position:one_step_pva-vs-deployed_p_only,position_rmse,one_step_governed_pva_direct,candidate,120,120,120,0,0,0,complete,[],[],[]
paired_comparison,position:one_step_pva-vs-raw_predicted_pv,position_rmse,raw_predicted_pv,baseline,120,120,120,0,0,0,complete,[],[],[]
paired_comparison,position:one_step_pva-vs-raw_predicted_pv,position_rmse,one_step_governed_pva_direct,candidate,120,120,120,0,0,0,complete,[],[],[]
paired_comparison,primary_position:one_step_pva-vs-predicted_p,position_rmse,predicted_p,baseline,120,120,120,0,0,0,complete,[],[],[]
paired_comparison,primary_position:one_step_pva-vs-predicted_p,position_rmse,one_step_governed_pva_direct,candidate,120,120,120,0,0,0,complete,[],[],[]
