method,position_rmse
deployed_p_only,0.00011246159262527567
deployed_p_only,0.0001474433482981866
deployed_p_only,0.00018953719586039703
deployed_p_only,0.0001928537384496803
deployed_p_only,0.0002016166305219436
deployed_p_only,0.00038058448962211407
deployed_p_only,0.00039859139838871357
deployed_p_only,0.0004015888891766046
deployed_p_only,0.00040432281805827816
deployed_p_only,0.00041303838463647313
deployed_p_only,0.0005385183100817109
deployed_p_only,0.0007290344839064556
deployed_p_only,0.0008690405615242575
deployed_p_only,0.0008783613274292157
deployed_p_only,0.0009411272034199381
deployed_p_only,0.0009724507428533907
deployed_p_only,0.0009882810181190262
deployed_p_only,0.0010165008530804928
deployed_p_only,0.0011382137700653883
deployed_p_only,0.001157222576077003
deployed_p_only,0.0012461669244376553
deployed_p_only,0.001364923571513273
deployed_p_only,0.0016664923642551153
deployed_p_only,0.0018409601411406248
deployed_p_only,0.002397809514541449
deployed_p_only,0.002565318510889399
deployed_p_only,0.0033709802720994103
deployed_p_only,0.0034001871209687305
deployed_p_only,0.0035087785542652367
deployed_p_only,0.0035174132402954242
deployed_p_only,0.0036286221902361335
deployed_p_only,0.003974651158241805
deployed_p_only,0.004030040281496812
deployed_p_only,0.004039738442848381
deployed_p_only,0.004058521963457031
deployed_p_only,0.004213822178879189
deployed_p_only,0.004683178162347765
deployed_p_only,0.00469845127653794
deployed_p_only,0.005365944818002174
deployed_p_only,0.0057059467481693615
deployed_p_only,0.005786276707650553
deployed_p_only,0.005840025712130623
deployed_p_only,0.006625190090687691
deployed_p_only,0.006678902075160287
deployed_p_only,0.00783025184220028
deployed_p_only,0.008950573087420784
deployed_p_only,0.010005262538796229
deployed_p_only,0.012058505979025887
deployed_p_only,0.012293270385690327
deployed_p_only,0.012678175427159497
deployed_p_only,0.013190460157993569
deployed_p_only,0.013317073637003976
deployed_p_only,0.015017414997374317
deployed_p_only,0.015559098505723741
deployed_p_only,0.017572802878599657
deployed_p_only,0.018596899371339685
deployed_p_only,0.018657807741627078
deployed_p_only,0.02243821883344314
deployed_p_only,0.022632267547902343
deployed_p_only,0.02398163829248366
deployed_p_only,0.024045496049205493
deployed_p_only,0.024151073420915638
deployed_p_only,0.024686765177637588
deployed_p_only,0.02470441321720421
deployed_p_only,0.024725669243942382
deployed_p_only,0.02474202426299527
deployed_p_only,0.02479742383328755
deployed_p_only,0.025185123407500964
deployed_p_only,0.025309975123700215
deployed_p_only,0.025495274747367052
deployed_p_only,0.026121228293745597
deployed_p_only,0.026229162741206454
deployed_p_only,0.028014428959551797
deployed_p_only,0.029097372663756282
deployed_p_only,0.029206639509573466
deployed_p_only,0.03038749682238925
deployed_p_only,0.03174450468298988
deployed_p_only,0.03201635849024057
deployed_p_only,0.03351127183362144
deployed_p_only,0.0349077020440781
deployed_p_only,0.03790448196620877
deployed_p_only,0.03810934639465152
deployed_p_only,0.03991970731674794
deployed_p_only,0.05160390568549501
deployed_p_only,0.054322085388738214
deployed_p_only,0.06242142889794831
deployed_p_only,0.07169407007016572
deployed_p_only,0.08066922225363304
deployed_p_only,0.0928172177726223
deployed_p_only,0.12512242213471209
deployed_p_only,0.12855024858884387
deployed_p_only,0.12988263034683592
deployed_p_only,0.1457663203210889
deployed_p_only,0.14831558948446377
deployed_p_only,0.14918181551291204
deployed_p_only,0.14918998621046575
deployed_p_only,0.14931609792320885
deployed_p_only,0.15564213871827634
deployed_p_only,0.15828254455555138
deployed_p_only,0.17697897883898062
deployed_p_only,0.20741890677703284
deployed_p_only,0.21694607208555983
deployed_p_only,0.22455638728048846
deployed_p_only,0.2469164648162954
deployed_p_only,0.2700256346646151
deployed_p_only,0.2820593310639009
deployed_p_only,0.2830148985523803
deployed_p_only,0.2835781530594621
deployed_p_only,0.28625891580650237
deployed_p_only,0.2872917572716454
deployed_p_only,0.2942670023309951
deployed_p_only,0.3635940171484514
deployed_p_only,0.41354228600230886
deployed_p_only,0.44768448507859254
deployed_p_only,0.4590665178289611
deployed_p_only,0.4627117214810417
deployed_p_only,0.46491648759110027
deployed_p_only,0.4667552157996103
deployed_p_only,0.46864242088056146
deployed_p_only,0.5848777171032601
jerk_qp_pva_direct,0.0007455038468953343
jerk_qp_pva_direct,0.0010655960732662722
jerk_qp_pva_direct,0.0011873506025136841
jerk_qp_pva_direct,0.001319274699426766
jerk_qp_pva_direct,0.0014861348894638165
jerk_qp_pva_direct,0.0018077033663177282
jerk_qp_pva_direct,0.0020190207501271647
jerk_qp_pva_direct,0.0020582817914996405
jerk_qp_pva_direct,0.0026825498099594136
jerk_qp_pva_direct,0.003270814561480635
jerk_qp_pva_direct,0.00366208500248969
jerk_qp_pva_direct,0.003969074195196281
jerk_qp_pva_direct,0.0040767469426377205
jerk_qp_pva_direct,0.004102740613764973
jerk_qp_pva_direct,0.004146650514981872
jerk_qp_pva_direct,0.00433368701910556
jerk_qp_pva_direct,0.004366569474441726
jerk_qp_pva_direct,0.004440160717673933
jerk_qp_pva_direct,0.004442501682799618
jerk_qp_pva_direct,0.004499772240269268
jerk_qp_pva_direct,0.004514406180451462
jerk_qp_pva_direct,0.004517300462063609
jerk_qp_pva_direct,0.004526671284011402
jerk_qp_pva_direct,0.004553058187090738
jerk_qp_pva_direct,0.004728875523391703
jerk_qp_pva_direct,0.004783813081253382
jerk_qp_pva_direct,0.0047890275877317074
jerk_qp_pva_direct,0.004819583054107824
jerk_qp_pva_direct,0.004929654350672392
jerk_qp_pva_direct,0.004970644575514509
jerk_qp_pva_direct,0.005103133041361182
jerk_qp_pva_direct,0.005117269119088726
jerk_qp_pva_direct,0.005224893617142611
jerk_qp_pva_direct,0.005392557268046961
jerk_qp_pva_direct,0.005400451420473373
jerk_qp_pva_direct,0.005408433954752792
jerk_qp_pva_direct,0.005414858952646559
jerk_qp_pva_direct,0.005429519623841417
jerk_qp_pva_direct,0.005685151470469007
jerk_qp_pva_direct,0.005991745213620331
jerk_qp_pva_direct,0.006205911761721619
jerk_qp_pva_direct,0.006225288327224883
jerk_qp_pva_direct,0.006859240600485514
jerk_qp_pva_direct,0.007090203250121305
jerk_qp_pva_direct,0.00748573159706618
jerk_qp_pva_direct,0.008293829020064553
jerk_qp_pva_direct,0.008336472182850954
jerk_qp_pva_direct,0.008434506724263017
jerk_qp_pva_direct,0.00851589620992937
jerk_qp_pva_direct,0.008809955348848514
jerk_qp_pva_direct,0.009246627436753514
jerk_qp_pva_direct,0.010035156024971409
jerk_qp_pva_direct,0.01018660761434603
jerk_qp_pva_direct,0.010318050983119357
jerk_qp_pva_direct,0.010435481579363045
jerk_qp_pva_direct,0.011518174856677853
jerk_qp_pva_direct,0.012098959401044562
jerk_qp_pva_direct,0.012649559827660422
jerk_qp_pva_direct,0.012650266238216492
jerk_qp_pva_direct,0.012671147189061913
jerk_qp_pva_direct,0.01268383513708557
jerk_qp_pva_direct,0.012917840761484766
jerk_qp_pva_direct,0.013313732853771014
jerk_qp_pva_direct,0.013400132144830447
jerk_qp_pva_direct,0.01375407369419737
jerk_qp_pva_direct,0.014805767357505852
jerk_qp_pva_direct,0.015102885355176768
jerk_qp_pva_direct,0.01558204956046933
jerk_qp_pva_direct,0.0160505017851558
jerk_qp_pva_direct,0.01671113542081978
jerk_qp_pva_direct,0.017035549980155516
jerk_qp_pva_direct,0.017089804674608834
jerk_qp_pva_direct,0.017288792858710333
jerk_qp_pva_direct,0.017364700302152442
jerk_qp_pva_direct,0.01772480346150454
jerk_qp_pva_direct,0.017732166986463332
jerk_qp_pva_direct,0.01774635470205777
jerk_qp_pva_direct,0.017788134472524367
jerk_qp_pva_direct,0.017843872694914383
jerk_qp_pva_direct,0.018146326237633723
jerk_qp_pva_direct,0.0184680525096248
jerk_qp_pva_direct,0.01850507722181053
jerk_qp_pva_direct,0.01873407374392428
jerk_qp_pva_direct,0.019293747169082727
jerk_qp_pva_direct,0.019682769353001332
jerk_qp_pva_direct,0.019921670427528737
jerk_qp_pva_direct,0.02031972746571202
jerk_qp_pva_direct,0.023753432860000406
jerk_qp_pva_direct,0.023849577183105437
jerk_qp_pva_direct,0.024101563878493267
jerk_qp_pva_direct,0.024154068863949586
jerk_qp_pva_direct,0.02416094219957346
jerk_qp_pva_direct,0.02419759544979204
jerk_qp_pva_direct,0.024226831632533002
jerk_qp_pva_direct,0.024517239202015893
jerk_qp_pva_direct,0.02584624513860474
jerk_qp_pva_direct,0.029841119565319964
jerk_qp_pva_direct,0.030728884739280593
jerk_qp_pva_direct,0.03205153726505599
jerk_qp_pva_direct,0.03265050928210029
jerk_qp_pva_direct,0.03376391644767448
jerk_qp_pva_direct,0.035861051446837613
jerk_qp_pva_direct,0.047108979721526556
jerk_qp_pva_direct,0.05017473301459682
jerk_qp_pva_direct,0.05270179015499766
jerk_qp_pva_direct,0.053167298297081125
jerk_qp_pva_direct,0.057295525893759684
jerk_qp_pva_direct,0.057924297560180575
jerk_qp_pva_direct,0.05933586251615733
jerk_qp_pva_direct,0.06081230382504653
jerk_qp_pva_direct,0.06899895674635907
jerk_qp_pva_direct,0.117005134159515
jerk_qp_pva_direct,0.1649092477170149
jerk_qp_pva_direct,0.22894566602950203
jerk_qp_pva_direct,0.28248696941348156
jerk_qp_pva_direct,0.41414726918196204
jerk_qp_pva_direct,0.5075651299566927
jerk_qp_pva_direct,0.7330547111049893
jerk_qp_pva_direct,1.0863441181046762
jerk_qp_pva_direct,1.1118632624042377
jerk_qp_pva_ruckig,0.0007455037318046274
jerk_qp_pva_ruckig,0.0010655960647805388
jerk_qp_pva_ruckig,0.0011873505587423347
jerk_qp_pva_ruckig,0.001319275392518087
jerk_qp_pva_ruckig,0.0014861357220543937
jerk_qp_pva_ruckig,0.0018077033664210345
jerk_qp_pva_ruckig,0.0020190207427640884
jerk_qp_pva_ruckig,0.002058281567559944
jerk_qp_pva_ruckig,0.0026825498099269105
jerk_qp_pva_ruckig,0.0032708145835516167
jerk_qp_pva_ruckig,0.0036620852199300323
jerk_qp_pva_ruckig,0.003969074249791175
jerk_qp_pva_ruckig,0.0040767746204124575
jerk_qp_pva_ruckig,0.00410273959323319
jerk_qp_pva_ruckig,0.0041466505153601035
jerk_qp_pva_ruckig,0.004333687019914643
jerk_qp_pva_ruckig,0.004366569420432488
jerk_qp_pva_ruckig,0.004440160709683612
jerk_qp_pva_ruckig,0.004442501682481053
jerk_qp_pva_ruckig,0.004499772240028814
jerk_qp_pva_ruckig,0.004514406179952043
jerk_qp_pva_ruckig,0.004517300461592709
jerk_qp_pva_ruckig,0.004526671283481359
jerk_qp_pva_ruckig,0.004553057891938655
jerk_qp_pva_ruckig,0.004783813310802301
jerk_qp_pva_ruckig,0.004789027587225884
jerk_qp_pva_ruckig,0.004819581701155738
jerk_qp_pva_ruckig,0.004929654335202545
jerk_qp_pva_ruckig,0.004970644562733673
jerk_qp_pva_ruckig,0.005103133230983586
jerk_qp_pva_ruckig,0.0051172691155939205
jerk_qp_pva_ruckig,0.005224893719816674
jerk_qp_pva_ruckig,0.0053925572543840825
jerk_qp_pva_ruckig,0.005400451356327825
jerk_qp_pva_ruckig,0.005408432450990889
jerk_qp_pva_ruckig,0.005414858888882275
jerk_qp_pva_ruckig,0.0054295190284547774
jerk_qp_pva_ruckig,0.005685151470289131
jerk_qp_pva_ruckig,0.0059917464829765425
jerk_qp_pva_ruckig,0.00620591177860551
jerk_qp_pva_ruckig,0.006225288327239405
jerk_qp_pva_ruckig,0.006859240605567647
jerk_qp_pva_ruckig,0.007090203146161956
jerk_qp_pva_ruckig,0.007485731755574994
jerk_qp_pva_ruckig,0.008293829019895498
jerk_qp_pva_ruckig,0.008336472422181225
jerk_qp_pva_ruckig,0.00843450672503944
jerk_qp_pva_ruckig,0.00851589650769599
jerk_qp_pva_ruckig,0.008809955348900467
jerk_qp_pva_ruckig,0.009246627431694581
jerk_qp_pva_ruckig,0.010035152352864889
jerk_qp_pva_ruckig,0.010186608186850202
jerk_qp_pva_ruckig,0.010318050950666676
jerk_qp_pva_ruckig,0.01043548157945091
jerk_qp_pva_ruckig,0.011518174844456497
jerk_qp_pva_ruckig,0.012098959401121405
jerk_qp_pva_ruckig,0.012649559827629036
jerk_qp_pva_ruckig,0.01265026623845684
jerk_qp_pva_ruckig,0.012671147189033585
jerk_qp_pva_ruckig,0.012683835137495962
jerk_qp_pva_ruckig,0.012917840761451627
jerk_qp_pva_ruckig,0.013313732853319977
jerk_qp_pva_ruckig,0.013400131928066366
jerk_qp_pva_ruckig,0.013754073690908303
jerk_qp_pva_ruckig,0.014805771224800538
jerk_qp_pva_ruckig,0.015102885410795783
jerk_qp_pva_ruckig,0.015582049549619077
jerk_qp_pva_ruckig,0.016050503319403452
jerk_qp_pva_ruckig,0.016711136974354047
jerk_qp_pva_ruckig,0.017035550187628007
jerk_qp_pva_ruckig,0.017089804609447642
jerk_qp_pva_ruckig,0.017288792653941017
jerk_qp_pva_ruckig,0.01736469494449901
jerk_qp_pva_ruckig,0.01772480345811924
jerk_qp_pva_ruckig,0.017732166986488003
jerk_qp_pva_ruckig,0.01774635470205646
jerk_qp_pva_ruckig,0.01778813447217058
jerk_qp_pva_ruckig,0.01784387269480342
jerk_qp_pva_ruckig,0.018146326237161454
jerk_qp_pva_ruckig,0.01846805250962478
jerk_qp_pva_ruckig,0.01850507750707904
jerk_qp_pva_ruckig,0.01873407383276431
jerk_qp_pva_ruckig,0.019293746906127684
jerk_qp_pva_ruckig,0.019682769602260876
jerk_qp_pva_ruckig,0.019921671063342843
jerk_qp_pva_ruckig,0.020319727465150393
jerk_qp_pva_ruckig,0.023753432930924304
jerk_qp_pva_ruckig,0.023849576248277164
jerk_qp_pva_ruckig,0.02410156387853454
jerk_qp_pva_ruckig,0.024154068863950696
jerk_qp_pva_ruckig,0.0241609421995124
jerk_qp_pva_ruckig,0.024197595378381575
jerk_qp_pva_ruckig,0.024226831632519152
jerk_qp_pva_ruckig,0.024517239278819297
jerk_qp_pva_ruckig,0.0258462359641664
jerk_qp_pva_ruckig,0.029841119067321294
jerk_qp_pva_ruckig,0.030728884452862346
jerk_qp_pva_ruckig,0.032051535475635565
jerk_qp_pva_ruckig,0.03265050930717807
jerk_qp_pva_ruckig,0.0334161261326489
jerk_qp_pva_ruckig,0.03376391643094255
jerk_qp_pva_ruckig,0.03586105144046874
jerk_qp_pva_ruckig,0.03885653548675705
jerk_qp_pva_ruckig,0.04710897971949829
jerk_qp_pva_ruckig,0.05017473251444118
jerk_qp_pva_ruckig,0.05270179028012041
jerk_qp_pva_ruckig,0.05316729552970679
jerk_qp_pva_ruckig,0.057295525946027645
jerk_qp_pva_ruckig,0.057924297560479183
jerk_qp_pva_ruckig,0.06030158703357905
jerk_qp_pva_ruckig,0.06081230351751672
jerk_qp_pva_ruckig,0.064587950563813
jerk_qp_pva_ruckig,0.10520004572171861
jerk_qp_pva_ruckig,0.10558837617494383
jerk_qp_pva_ruckig,0.15455056717625323
jerk_qp_pva_ruckig,0.16490924771724372
jerk_qp_pva_ruckig,0.25517396179045587
jerk_qp_pva_ruckig,0.5260316563567533
jerk_qp_pva_ruckig,0.845262938184845
jerk_qp_pva_ruckig,1.460132269990955
one_step_governed_pva_direct,0.0007454784335733759
one_step_governed_pva_direct,0.0010656244868366411
one_step_governed_pva_direct,0.0013195481700256331
one_step_governed_pva_direct,0.0013550003620084352
one_step_governed_pva_direct,0.0014001651200154942
one_step_governed_pva_direct,0.0015519511682908435
one_step_governed_pva_direct,0.0018344634558428365
one_step_governed_pva_direct,0.0019245644072945546
one_step_governed_pva_direct,0.002659573278130651
one_step_governed_pva_direct,0.002870826316177989
one_step_governed_pva_direct,0.0035766113377652636
one_step_governed_pva_direct,0.003969074195196281
one_step_governed_pva_direct,0.004049769816821299
one_step_governed_pva_direct,0.004075910177065839
one_step_governed_pva_direct,0.004092756650721654
one_step_governed_pva_direct,0.004144915689753651
one_step_governed_pva_direct,0.004344093818210483
one_step_governed_pva_direct,0.0043543174794580764
one_step_governed_pva_direct,0.004407968986575235
one_step_governed_pva_direct,0.004446552687145658
one_step_governed_pva_direct,0.0044994806338561
one_step_governed_pva_direct,0.004506051410578491
one_step_governed_pva_direct,0.004558915697266743
one_step_governed_pva_direct,0.00464325015047002
one_step_governed_pva_direct,0.00465503385009901
one_step_governed_pva_direct,0.004769176956438904
one_step_governed_pva_direct,0.004777084621622823
one_step_governed_pva_direct,0.004780712024811138
one_step_governed_pva_direct,0.004784694518520093
one_step_governed_pva_direct,0.0047911839200027095
one_step_governed_pva_direct,0.004808076213747086
one_step_governed_pva_direct,0.004883897470424046
one_step_governed_pva_direct,0.005103295074557869
one_step_governed_pva_direct,0.005104756740719687
one_step_governed_pva_direct,0.005137659425050972
one_step_governed_pva_direct,0.005165873360864122
one_step_governed_pva_direct,0.005445470612074462
one_step_governed_pva_direct,0.0054470823045557745
one_step_governed_pva_direct,0.005450381110614646
one_step_governed_pva_direct,0.005533783781366093
one_step_governed_pva_direct,0.005766535666912185
one_step_governed_pva_direct,0.005972825869204212
one_step_governed_pva_direct,0.006379699107167388
one_step_governed_pva_direct,0.006859240600485514
one_step_governed_pva_direct,0.006916047407021148
one_step_governed_pva_direct,0.007428514718732406
one_step_governed_pva_direct,0.008306208055296763
one_step_governed_pva_direct,0.008345345167524392
one_step_governed_pva_direct,0.008442386543822705
one_step_governed_pva_direct,0.00851589620992937
one_step_governed_pva_direct,0.008817830504196968
one_step_governed_pva_direct,0.009269703148513692
one_step_governed_pva_direct,0.010035156024971409
one_step_governed_pva_direct,0.01018660761434603
one_step_governed_pva_direct,0.010318050983119357
one_step_governed_pva_direct,0.010452636484983673
one_step_governed_pva_direct,0.011646070287068884
one_step_governed_pva_direct,0.012535320691853955
one_step_governed_pva_direct,0.01304191200598645
one_step_governed_pva_direct,0.013065697570903362
one_step_governed_pva_direct,0.013072131965188045
one_step_governed_pva_direct,0.013076321575973788
one_step_governed_pva_direct,0.013076878099642565
one_step_governed_pva_direct,0.013313732853771014
one_step_governed_pva_direct,0.013415116915490527
one_step_governed_pva_direct,0.013773508851495874
one_step_governed_pva_direct,0.014805767357505852
one_step_governed_pva_direct,0.014978882785331094
one_step_governed_pva_direct,0.015547052224465677
one_step_governed_pva_direct,0.01604404712828584
one_step_governed_pva_direct,0.01671113542081978
one_step_governed_pva_direct,0.017035549980155516
one_step_governed_pva_direct,0.017089804674608834
one_step_governed_pva_direct,0.01726709111948068
one_step_governed_pva_direct,0.017364700302152442
one_step_governed_pva_direct,0.01780175625299787
one_step_governed_pva_direct,0.017843872694914383
one_step_governed_pva_direct,0.01795762036252394
one_step_governed_pva_direct,0.01795814555212896
one_step_governed_pva_direct,0.01796221873633347
one_step_governed_pva_direct,0.01796618713421544
one_step_governed_pva_direct,0.0184680525096248
one_step_governed_pva_direct,0.01850507722181053
one_step_governed_pva_direct,0.01873407374392428
one_step_governed_pva_direct,0.019244595661828234
one_step_governed_pva_direct,0.019682769353001332
one_step_governed_pva_direct,0.02000391459777098
one_step_governed_pva_direct,0.02031972746571202
one_step_governed_pva_direct,0.02375147079066753
one_step_governed_pva_direct,0.023849577183105437
one_step_governed_pva_direct,0.024212814544217573
one_step_governed_pva_direct,0.024318099538523694
one_step_governed_pva_direct,0.024318772531738406
one_step_governed_pva_direct,0.024323714830146292
one_step_governed_pva_direct,0.02433046287880182
one_step_governed_pva_direct,0.024521611950504486
one_step_governed_pva_direct,0.02584624513860474
one_step_governed_pva_direct,0.02987302189497145
one_step_governed_pva_direct,0.030728884739280593
one_step_governed_pva_direct,0.03205153726505599
one_step_governed_pva_direct,0.03265050928210029
one_step_governed_pva_direct,0.03376391644767448
one_step_governed_pva_direct,0.035861051446837613
one_step_governed_pva_direct,0.047108979721526556
one_step_governed_pva_direct,0.04998973556779011
one_step_governed_pva_direct,0.05270179015499766
one_step_governed_pva_direct,0.053167298297081125
one_step_governed_pva_direct,0.057295525893759684
one_step_governed_pva_direct,0.057924297560180575
one_step_governed_pva_direct,0.06081230382504653
one_step_governed_pva_direct,0.06374632485621047
one_step_governed_pva_direct,0.06810359880693453
one_step_governed_pva_direct,0.07130774096357595
one_step_governed_pva_direct,0.10560038131629752
one_step_governed_pva_direct,0.1649092477170149
one_step_governed_pva_direct,0.2162329642327941
one_step_governed_pva_direct,0.22954791586230347
one_step_governed_pva_direct,0.28936283713918304
one_step_governed_pva_direct,0.5156119561644662
one_step_governed_pva_direct,1.1113098209427474
one_step_governed_pva_ruckig,0.0007454783185244364
one_step_governed_pva_ruckig,0.0010656244784013086
one_step_governed_pva_ruckig,0.001319548863289019
one_step_governed_pva_ruckig,0.0013549996905109873
one_step_governed_pva_ruckig,0.0014001651030733104
one_step_governed_pva_ruckig,0.001551951156855467
one_step_governed_pva_ruckig,0.0018344633590137158
one_step_governed_pva_ruckig,0.001924564401625701
one_step_governed_pva_ruckig,0.0026595732777578525
one_step_governed_pva_ruckig,0.0028708263353857955
one_step_governed_pva_ruckig,0.003576611817341144
one_step_governed_pva_ruckig,0.003969074249791175
one_step_governed_pva_ruckig,0.004049770029621306
one_step_governed_pva_ruckig,0.0040759101575429035
one_step_governed_pva_ruckig,0.004092757494096415
one_step_governed_pva_ruckig,0.004144915690124652
one_step_governed_pva_ruckig,0.004344093814252176
one_step_governed_pva_ruckig,0.004354317644943079
one_step_governed_pva_ruckig,0.00440796898633798
one_step_governed_pva_ruckig,0.004446552684828002
one_step_governed_pva_ruckig,0.004499480596214229
one_step_governed_pva_ruckig,0.004506051968974261
one_step_governed_pva_ruckig,0.004558915664267039
one_step_governed_pva_ruckig,0.004643250153894654
one_step_governed_pva_ruckig,0.0046550338479401316
one_step_governed_pva_ruckig,0.004769176956477793
one_step_governed_pva_ruckig,0.0047770846196615695
one_step_governed_pva_ruckig,0.004780712024893569
one_step_governed_pva_ruckig,0.004784694518564503
one_step_governed_pva_ruckig,0.004791183920006921
one_step_governed_pva_ruckig,0.004883897588214248
one_step_governed_pva_ruckig,0.005103295074514519
one_step_governed_pva_ruckig,0.005104756748997791
one_step_governed_pva_ruckig,0.00513765934927093
one_step_governed_pva_ruckig,0.005165872553720444
one_step_governed_pva_ruckig,0.0054454706106962444
one_step_governed_pva_ruckig,0.005447082252402309
one_step_governed_pva_ruckig,0.005450381110596136
one_step_governed_pva_ruckig,0.005533783781343095
one_step_governed_pva_ruckig,0.005766535325806191
one_step_governed_pva_ruckig,0.005972825873514768
one_step_governed_pva_ruckig,0.006379699107186319
one_step_governed_pva_ruckig,0.006859240605567647
one_step_governed_pva_ruckig,0.006916047151053245
one_step_governed_pva_ruckig,0.007428515427292788
one_step_governed_pva_ruckig,0.008306208055124659
one_step_governed_pva_ruckig,0.008345345569939483
one_step_governed_pva_ruckig,0.008442386544576297
one_step_governed_pva_ruckig,0.00851589650769599
one_step_governed_pva_ruckig,0.008817830504246714
one_step_governed_pva_ruckig,0.009269703213855125
one_step_governed_pva_ruckig,0.010035152352864889
one_step_governed_pva_ruckig,0.010186608186850202
one_step_governed_pva_ruckig,0.010318050950666676
one_step_governed_pva_ruckig,0.010452636484917822
one_step_governed_pva_ruckig,0.01164607069394981
one_step_governed_pva_ruckig,0.012535320692193761
one_step_governed_pva_ruckig,0.013041912005930066
one_step_governed_pva_ruckig,0.013065697570903392
one_step_governed_pva_ruckig,0.013072131965188
one_step_governed_pva_ruckig,0.013076321575973823
one_step_governed_pva_ruckig,0.013076878099568007
one_step_governed_pva_ruckig,0.013313732853319977
one_step_governed_pva_ruckig,0.013415116074356763
one_step_governed_pva_ruckig,0.013773508845391143
one_step_governed_pva_ruckig,0.014805771224800538
one_step_governed_pva_ruckig,0.014978882785163378
one_step_governed_pva_ruckig,0.015547052210914743
one_step_governed_pva_ruckig,0.016044047128188417
one_step_governed_pva_ruckig,0.016711136974354047
one_step_governed_pva_ruckig,0.017035550187628007
one_step_governed_pva_ruckig,0.017089804609447642
one_step_governed_pva_ruckig,0.01726709097450378
one_step_governed_pva_ruckig,0.01736469494449901
one_step_governed_pva_ruckig,0.017801756252997854
one_step_governed_pva_ruckig,0.01784387269480342
one_step_governed_pva_ruckig,0.017957620362512697
one_step_governed_pva_ruckig,0.017958145552128255
one_step_governed_pva_ruckig,0.01796221873633483
one_step_governed_pva_ruckig,0.017966187134216004
one_step_governed_pva_ruckig,0.01846805250962478
one_step_governed_pva_ruckig,0.01850507750707904
one_step_governed_pva_ruckig,0.01873407383276431
one_step_governed_pva_ruckig,0.01924459566183417
one_step_governed_pva_ruckig,0.019682769602260876
one_step_governed_pva_ruckig,0.020003914580087632
one_step_governed_pva_ruckig,0.020319727465150393
one_step_governed_pva_ruckig,0.023751470873825585
one_step_governed_pva_ruckig,0.023849576248277164
one_step_governed_pva_ruckig,0.024212814486000395
one_step_governed_pva_ruckig,0.024318099538523204
one_step_governed_pva_ruckig,0.024318772529198618
one_step_governed_pva_ruckig,0.024323714830146035
one_step_governed_pva_ruckig,0.024330462878802247
one_step_governed_pva_ruckig,0.024521612014754713
one_step_governed_pva_ruckig,0.0258462359641664
one_step_governed_pva_ruckig,0.029873021434301688
one_step_governed_pva_ruckig,0.030728884452862346
one_step_governed_pva_ruckig,0.032051535475635565
one_step_governed_pva_ruckig,0.03265050930717807
one_step_governed_pva_ruckig,0.03376391643094255
one_step_governed_pva_ruckig,0.03586105144046874
one_step_governed_pva_ruckig,0.04710897971949829
one_step_governed_pva_ruckig,0.04998973556779286
one_step_governed_pva_ruckig,0.05270179028012041
one_step_governed_pva_ruckig,0.05316729552970679
one_step_governed_pva_ruckig,0.054761164267648446
one_step_governed_pva_ruckig,0.057295525946027645
one_step_governed_pva_ruckig,0.057924297560479183
one_step_governed_pva_ruckig,0.06081230351751672
one_step_governed_pva_ruckig,0.06509731381347603
one_step_governed_pva_ruckig,0.07130774100438216
one_step_governed_pva_ruckig,0.10560038140886363
one_step_governed_pva_ruckig,0.12678959921032368
one_step_governed_pva_ruckig,0.16490924771724372
one_step_governed_pva_ruckig,0.1733175025295975
one_step_governed_pva_ruckig,0.2040169702437567
one_step_governed_pva_ruckig,0.5304520368421392
one_step_governed_pva_ruckig,0.8589357663247215
one_step_governed_pva_ruckig,1.4516290694053195
predicted_p,0.00011246318839021689
predicted_p,0.0001474484905465985
predicted_p,0.00018954612935205017
predicted_p,0.00019285069495725805
predicted_p,0.00020161662547231278
predicted_p,0.00038058545880723007
predicted_p,0.0003985914045208061
predicted_p,0.00040158890772634757
predicted_p,0.00040432281704439653
predicted_p,0.00041303838520842897
predicted_p,0.0005385181189122498
predicted_p,0.0007290344894720537
predicted_p,0.0008690464462462202
predicted_p,0.000878282050474827
predicted_p,0.0009411267263553618
predicted_p,0.0009723878559362978
predicted_p,0.0009882183804367224
predicted_p,0.0010165057538102627
predicted_p,0.0011382130910387663
predicted_p,0.0011572225768369678
predicted_p,0.001246166399226831
predicted_p,0.001364887914974162
predicted_p,0.0016664987688491959
predicted_p,0.001840937916024513
predicted_p,0.0023978077814529593
predicted_p,0.002565317718051682
predicted_p,0.003370977962534983
predicted_p,0.0034000163227568174
predicted_p,0.003508765051972992
predicted_p,0.0035174110797758585
predicted_p,0.0036286125405204698
predicted_p,0.003974518874347779
predicted_p,0.004029901136368175
predicted_p,0.004039605758583233
predicted_p,0.004058520248923669
predicted_p,0.0042138221260729835
predicted_p,0.004683176855780832
predicted_p,0.0046983387483710655
predicted_p,0.005365943715265874
predicted_p,0.005705709823158993
predicted_p,0.005786275858311414
predicted_p,0.005840024737929523
predicted_p,0.0066249915468952975
predicted_p,0.006678901492170373
predicted_p,0.007829971173786865
predicted_p,0.00895043243033943
predicted_p,0.010005136695614836
predicted_p,0.012058496198398822
predicted_p,0.012293264154176418
predicted_p,0.012678023726422074
predicted_p,0.01319044546738909
predicted_p,0.013317066668215846
predicted_p,0.015017334979695105
predicted_p,0.015558979454159405
predicted_p,0.017572790819665767
predicted_p,0.01859689734904829
predicted_p,0.018657807652008414
predicted_p,0.022438132909030416
predicted_p,0.022632267530194556
predicted_p,0.023981634463506218
predicted_p,0.024045480992448593
predicted_p,0.024151001498536096
predicted_p,0.024686765121627714
predicted_p,0.02470441317524382
predicted_p,0.024725669200068485
predicted_p,0.024742024222482204
predicted_p,0.02479742381720365
predicted_p,0.025185119805064455
predicted_p,0.02530996103515889
predicted_p,0.02549527473881773
predicted_p,0.026121225032517202
predicted_p,0.026229159336067894
predicted_p,0.028014428972286776
predicted_p,0.029097372684486443
predicted_p,0.02920661615607896
predicted_p,0.03038748565321561
predicted_p,0.03174448359355126
predicted_p,0.032016337596313824
predicted_p,0.03351128070482617
predicted_p,0.034907693856569506
predicted_p,0.03790446516614259
predicted_p,0.03810933485322386
predicted_p,0.03991969156908498
predicted_p,0.05160389995014906
predicted_p,0.054322051798834634
predicted_p,0.062421428837202975
predicted_p,0.07169406535384486
predicted_p,0.08066921655332716
predicted_p,0.0928172175022764
predicted_p,0.12512242189231768
predicted_p,0.12855024843513582
predicted_p,0.12988263031322175
predicted_p,0.1457663201578614
predicted_p,0.14831558942958611
predicted_p,0.1491818154807348
predicted_p,0.14918998617739745
predicted_p,0.14931609789552172
predicted_p,0.15564213874531163
predicted_p,0.15828254402088524
predicted_p,0.17697897854432545
predicted_p,0.20741890651098732
predicted_p,0.21694607192399798
predicted_p,0.22455638440084344
predicted_p,0.246916462276693
predicted_p,0.2700256340047288
predicted_p,0.282059331069659
predicted_p,0.2830148983816718
predicted_p,0.28357815290057675
predicted_p,0.2862589156947749
predicted_p,0.28729175717443584
predicted_p,0.294267001144388
predicted_p,0.3635940160964728
predicted_p,0.41354228270738586
predicted_p,0.4476844845602208
predicted_p,0.45906651754298733
predicted_p,0.46271172125739607
predicted_p,0.46491648739538566
predicted_p,0.4667552160451376
predicted_p,0.468642420728284
predicted_p,0.5848777169134594
raw_predicted_pv,0.00010810579627621345
raw_predicted_pv,0.00013648733493703367
raw_predicted_pv,0.00017063615761021828
raw_predicted_pv,0.00017665154737943068
raw_predicted_pv,0.00018183050058357753
raw_predicted_pv,0.00031793502394579715
raw_predicted_pv,0.0003314445372177751
raw_predicted_pv,0.0003331189898211887
raw_predicted_pv,0.00033650686536517994
raw_predicted_pv,0.0003407792948307656
raw_predicted_pv,0.0004267029466541439
raw_predicted_pv,0.0005439505298031539
raw_predicted_pv,0.0005982113123780851
raw_predicted_pv,0.0006187734295716539
raw_predicted_pv,0.0006495191002028317
raw_predicted_pv,0.0006522554887709081
raw_predicted_pv,0.0006611183642240725
raw_predicted_pv,0.0007008385088926905
raw_predicted_pv,0.0007620428364838542
raw_predicted_pv,0.0007749626260747265
raw_predicted_pv,0.0008127321745967504
raw_predicted_pv,0.0008398761958629373
raw_predicted_pv,0.0010044551405537067
raw_predicted_pv,0.0010055880461564853
raw_predicted_pv,0.0012132168797776932
raw_predicted_pv,0.0013854730897619638
raw_predicted_pv,0.0014227825874274255
raw_predicted_pv,0.0015513345400863848
raw_predicted_pv,0.001552886726534699
raw_predicted_pv,0.0015681314487460238
raw_predicted_pv,0.0015693758719779842
raw_predicted_pv,0.001573048762979111
raw_predicted_pv,0.0017486115883122812
raw_predicted_pv,0.001838211616313961
raw_predicted_pv,0.001873886537438694
raw_predicted_pv,0.0019253458589972802
raw_predicted_pv,0.0019336344218138797
raw_predicted_pv,0.0021730450992412443
raw_predicted_pv,0.0022412924796524417
raw_predicted_pv,0.0030309560319464204
raw_predicted_pv,0.003172490139454823
raw_predicted_pv,0.0034716345146624853
raw_predicted_pv,0.003601422265074049
raw_predicted_pv,0.0037267925804385536
raw_predicted_pv,0.003986246036306708
raw_predicted_pv,0.004072311045262759
raw_predicted_pv,0.004083129594954786
raw_predicted_pv,0.004186057458168587
raw_predicted_pv,0.0044453980051496695
raw_predicted_pv,0.004501930862490418
raw_predicted_pv,0.004566137371328479
raw_predicted_pv,0.0045892176236499126
raw_predicted_pv,0.004656870920414668
raw_predicted_pv,0.004669211944865051
raw_predicted_pv,0.0047198220322987984
raw_predicted_pv,0.0047883411689603516
raw_predicted_pv,0.004790671185032529
raw_predicted_pv,0.004791855526460725
raw_predicted_pv,0.004793280494545515
raw_predicted_pv,0.004794954494142151
raw_predicted_pv,0.005106808558000857
raw_predicted_pv,0.005215002038728191
raw_predicted_pv,0.005457256596868242
raw_predicted_pv,0.005497054424562282
raw_predicted_pv,0.005529136947302069
raw_predicted_pv,0.005872408641570587
raw_predicted_pv,0.0062684499771011185
raw_predicted_pv,0.006751891674455621
raw_predicted_pv,0.0069326890854876115
raw_predicted_pv,0.0074741923032689075
raw_predicted_pv,0.010458708721686184
raw_predicted_pv,0.011629749807153752
raw_predicted_pv,0.011719589413841951
raw_predicted_pv,0.012525094798747418
raw_predicted_pv,0.01296307931485788
raw_predicted_pv,0.013070981752599877
raw_predicted_pv,0.013076941513557146
raw_predicted_pv,0.013078399923838349
raw_predicted_pv,0.013080876635782375
raw_predicted_pv,0.013082702440128463
raw_predicted_pv,0.013413155441789901
raw_predicted_pv,0.013765991846975065
raw_predicted_pv,0.013900683815679807
raw_predicted_pv,0.015083559190369597
raw_predicted_pv,0.015623320239235124
raw_predicted_pv,0.01606161900284407
raw_predicted_pv,0.017962005262536856
raw_predicted_pv,0.01796261701996599
raw_predicted_pv,0.01796482721231679
raw_predicted_pv,0.01796908811484578
raw_predicted_pv,0.017981245672288097
raw_predicted_pv,0.018450273564332223
raw_predicted_pv,0.019257773145290615
raw_predicted_pv,0.01947272665667659
raw_predicted_pv,0.019978341747769933
raw_predicted_pv,0.02141387180676599
raw_predicted_pv,0.024310291790811282
raw_predicted_pv,0.024320931752829664
raw_predicted_pv,0.024326179630869877
raw_predicted_pv,0.024326804751268166
raw_predicted_pv,0.02434095306421977
raw_predicted_pv,0.024396685680371875
raw_predicted_pv,0.02457993387303868
raw_predicted_pv,0.02467236956394514
raw_predicted_pv,0.027089133352499264
raw_predicted_pv,0.02983903337382824
raw_predicted_pv,0.031696702188107544
raw_predicted_pv,0.031864207315295406
raw_predicted_pv,0.03607265791067619
raw_predicted_pv,0.037424085406166645
raw_predicted_pv,0.03964117972478883
raw_predicted_pv,0.041093554846524265
raw_predicted_pv,0.05682396789254459
raw_predicted_pv,0.05862916342383075
raw_predicted_pv,0.08260554095903871
raw_predicted_pv,0.16582556245368377
raw_predicted_pv,0.26685942600262424
raw_predicted_pv,0.4432485304419256
raw_predicted_pv,0.4966369702274767
raw_predicted_pv,0.7547983631267486
scalar_projected_pva,0.0001081057962762117
scalar_projected_pva,0.00013648733432251422
scalar_projected_pva,0.00017063615830869804
scalar_projected_pva,0.00017665154689843442
scalar_projected_pva,0.0001818305005835762
scalar_projected_pva,0.00031793502402992674
scalar_projected_pva,0.000331444528298071
scalar_projected_pva,0.0003331183715952572
scalar_projected_pva,0.00033650686536517853
scalar_projected_pva,0.0003407792689542857
scalar_projected_pva,0.0004267020515858902
scalar_projected_pva,0.0005439495649986175
scalar_projected_pva,0.0005982113124719833
scalar_projected_pva,0.0006187755058388728
scalar_projected_pva,0.0006497991477686157
scalar_projected_pva,0.0006522554887709081
scalar_projected_pva,0.0006611140072149612
scalar_projected_pva,0.0007007918890117898
scalar_projected_pva,0.0007620421084762256
scalar_projected_pva,0.0007749598882130301
scalar_projected_pva,0.0008127377798037979
scalar_projected_pva,0.0008396028361109388
scalar_projected_pva,0.0010042756471191803
scalar_projected_pva,0.0010055880461565133
scalar_projected_pva,0.0012132168797754181
scalar_projected_pva,0.001385473089507126
scalar_projected_pva,0.0014227825874326486
scalar_projected_pva,0.0015513345404889896
scalar_projected_pva,0.0015528867265346997
scalar_projected_pva,0.0015680057334177874
scalar_projected_pva,0.0015693758719779233
scalar_projected_pva,0.0015730138241166899
scalar_projected_pva,0.0017486115883122812
scalar_projected_pva,0.0018382116163026573
scalar_projected_pva,0.0018738691825858657
scalar_projected_pva,0.0019253341543690524
scalar_projected_pva,0.0019336344218138792
scalar_projected_pva,0.0021727729802996872
scalar_projected_pva,0.0022410788154502317
scalar_projected_pva,0.0023541977497685052
scalar_projected_pva,0.0030309560319464173
scalar_projected_pva,0.0031270236963704995
scalar_projected_pva,0.0031711635441406976
scalar_projected_pva,0.0031860516815783667
scalar_projected_pva,0.003452080291091992
scalar_projected_pva,0.003470031708358689
scalar_projected_pva,0.003527132810382514
scalar_projected_pva,0.0036013751302157023
scalar_projected_pva,0.0037245412429132607
scalar_projected_pva,0.003986243149874684
scalar_projected_pva,0.004071915310546216
scalar_projected_pva,0.004083129594955323
scalar_projected_pva,0.004186055927038047
scalar_projected_pva,0.004396544006138437
scalar_projected_pva,0.0044453980051496695
scalar_projected_pva,0.0045019308624904926
scalar_projected_pva,0.004566137371326476
scalar_projected_pva,0.004589217623649907
scalar_projected_pva,0.004656870920414664
scalar_projected_pva,0.004669211944865054
scalar_projected_pva,0.004719822032298794
scalar_projected_pva,0.004788341168960347
scalar_projected_pva,0.00479067118503252
scalar_projected_pva,0.004791855526460718
scalar_projected_pva,0.004793280494545505
scalar_projected_pva,0.0047949544941421575
scalar_projected_pva,0.005106808558000864
scalar_projected_pva,0.00515260384562197
scalar_projected_pva,0.005215002038728881
scalar_projected_pva,0.005215479537830704
scalar_projected_pva,0.005456670712533821
scalar_projected_pva,0.005457256596868242
scalar_projected_pva,0.005482871931929295
scalar_projected_pva,0.005497054424562281
scalar_projected_pva,0.005529136947303048
scalar_projected_pva,0.005582708578466464
scalar_projected_pva,0.006002270412250645
scalar_projected_pva,0.006173456309560404
scalar_projected_pva,0.0062836376164907394
scalar_projected_pva,0.006435199379452097
scalar_projected_pva,0.006932689085554255
scalar_projected_pva,0.007474192303268146
scalar_projected_pva,0.010458708721686147
scalar_projected_pva,0.011454163916304652
scalar_projected_pva,0.011629749807031792
scalar_projected_pva,0.012525094798747409
scalar_projected_pva,0.013070981752599919
scalar_projected_pva,0.013076941513557145
scalar_projected_pva,0.013078399923838354
scalar_projected_pva,0.013080876635767224
scalar_projected_pva,0.01308270244012843
scalar_projected_pva,0.013413155441140521
scalar_projected_pva,0.013765991846987374
scalar_projected_pva,0.015083559190369612
scalar_projected_pva,0.015623320239235986
scalar_projected_pva,0.01606161900284375
scalar_projected_pva,0.01756533722877396
scalar_projected_pva,0.017962005262536825
scalar_projected_pva,0.017962617019965998
scalar_projected_pva,0.01796482721231682
scalar_projected_pva,0.017969088114845735
scalar_projected_pva,0.017981245672288138
scalar_projected_pva,0.019257773145552912
scalar_projected_pva,0.019978341747753293
scalar_projected_pva,0.02375253698613358
scalar_projected_pva,0.024310291790811744
scalar_projected_pva,0.024320931752829702
scalar_projected_pva,0.02432617963086991
scalar_projected_pva,0.02432680475126811
scalar_projected_pva,0.0243409530642198
scalar_projected_pva,0.0243713905033829
scalar_projected_pva,0.024549070470516153
scalar_projected_pva,0.024579933873031472
scalar_projected_pva,0.029839033373838145
scalar_projected_pva,0.03817660480559922
scalar_projected_pva,0.05846080444020644
scalar_projected_pva,0.08257829254834612
scalar_projected_pva,0.16520921288225895
scalar_projected_pva,0.263296392580178
scalar_projected_pva,0.7535756112356963
